Date,fed_net_liquidity,fearGreed
2020-01-02,3791069.9,39
2020-01-03,3791068.749,38
2020-01-04,3791068.749,38
2020-01-05,3791068.749,39
2020-01-06,3791069.175,41
2020-01-07,3791071.398,40
2020-01-08,3782541.124,51
2020-01-09,3782541.599,44
2020-01-10,3782541.373,41
2020-01-11,3782541.373,50
2020-01-12,3782541.373,45
2020-01-13,3782541.0,49
2020-01-14,3782541.344,56
2020-01-15,3824862.325,54
2020-01-16,3824862.7,55
2020-01-17,3824846.85,54
2020-01-18,3824846.85,51
2020-01-19,3824846.85,53
2020-01-20,3824846.85,48
2020-01-21,3824849.619,49
2020-01-22,3741955.396,52
2020-01-23,3741958.096,49
2020-01-24,3741971.0,40
2020-01-25,3741971.0,41
2020-01-26,3741971.0,42
2020-01-27,3741970.998,50
2020-01-28,3741970.998,54
2020-01-29,3719568.7,57
2020-01-30,3719564.86,57
2020-01-31,3719564.5,55
2020-02-01,3719564.5,57
2020-02-02,3719564.5,57
2020-02-03,3719562.84,59
2020-02-04,3719566.888,56
2020-02-05,3753380.888,53
2020-02-06,3753384.597,61
2020-02-07,3753383.9,56
2020-02-08,3753383.9,56
2020-02-09,3753383.9,56
2020-02-10,3753384.17,57
2020-02-11,3753384.772,52
2020-02-12,3771451.691,61
2020-02-13,3771451.55,65
2020-02-14,3771452.0,63
2020-02-15,3771452.0,64
2020-02-16,3771452.0,59
2020-02-17,3771452.0,49
2020-02-18,3771442.546,53
2020-02-19,3742764.905,50
2020-02-20,3742761.4,44
2020-02-21,3742760.468,44
2020-02-22,3742760.468,43
2020-02-23,3742760.468,46
2020-02-24,3742764.408,46
2020-02-25,3742764.889,44
2020-02-26,3719269.7,41
2020-02-27,3719271.725,39
2020-02-28,3719269.813,40
2020-02-29,3719269.813,38
2020-03-01,3719269.813,39
2020-03-02,3719269.475,38
2020-03-03,3719271.373,38
2020-03-04,3866986.975,40
2020-03-05,3866991.15,41
2020-03-06,3866989.07,39
2020-03-07,3866989.07,38
2020-03-08,3866989.07,33
2020-03-09,3866989.496,17
2020-03-10,3866991.849,16
2020-03-11,3931353.675,17
2020-03-12,3931333.95,14
2020-03-13,3931339.9,10
2020-03-14,3931339.9,8
2020-03-15,3931339.9,12
2020-03-16,3931353.575,9
2020-03-17,3931349.3,8
2020-03-18,4305635.523,11
2020-03-19,4305634.805,12
2020-03-20,4305623.797,9
2020-03-21,4305623.797,9
2020-03-22,4305623.797,11
2020-03-23,4305609.056,10
2020-03-24,4305594.484,12
2020-03-25,4863928.589,13
2020-03-26,4863887.52,14
2020-03-27,4863815.206,12
2020-03-28,4863815.206,8
2020-03-29,4863815.206,12
2020-03-30,4863788.5030000005,10
2020-03-31,4863741.092,12
2020-04-01,5382132.172,12
2020-04-02,5382157.373,14
2020-04-03,5382191.883,14
2020-04-04,5382191.883,12
2020-04-05,5382191.883,12
2020-04-06,5382195.706,12
2020-04-07,5382251.64,20
2020-04-08,5384509.517,21
2020-04-09,5384557.475,22
2020-04-10,5384557.475,15
2020-04-11,5384557.475,15
2020-04-12,5384557.475,10
2020-04-13,5384556.9,11
2020-04-14,5384553.1,15
2020-04-15,5478068.85,18
2020-04-16,5478070.475,13
2020-04-17,5478070.274,15
2020-04-18,5478070.274,18
2020-04-19,5478070.274,16
2020-04-20,5478041.0,15
2020-04-21,5478059.472,17
2020-04-22,5671794.175,19
2020-04-23,5671803.55,19
2020-04-24,5671803.5,20
2020-04-25,5671803.5,24
2020-04-26,5671803.5,21
2020-04-27,5671788.524,28
2020-04-28,5671797.869,26
2020-04-29,5658420.55,26
2020-04-30,5658420.225,44
2020-05-01,5658421.749,40
2020-05-02,5658421.749,40
2020-05-03,5658421.749,45
2020-05-04,5658417.15,44
2020-05-05,5658420.075,40
2020-05-06,5593928.825,42
2020-05-07,5593929.018,49
2020-05-08,5593929.32,55
2020-05-09,5593929.32,56
2020-05-10,5593929.32,48
2020-05-11,5593929.877,40
2020-05-12,5593929.175,39
2020-05-13,5756719.175,41
2020-05-14,5756732.867000001,40
2020-05-15,5756731.85,44
2020-05-16,5756731.85,41
2020-05-17,5756731.85,40
2020-05-18,5756732.422,50
2020-05-19,5756732.91,50
2020-05-20,5842838.274,52
2020-05-21,5842847.997,49
2020-05-22,5842847.999,42
2020-05-23,5842847.999,40
2020-05-24,5842847.999,43
2020-05-25,5842847.999,41
2020-05-26,5842847.999,39
2020-05-27,5786820.674000001,39
2020-05-28,5786825.0,41
2020-05-29,5786823.675,48
2020-05-30,5786823.675,48
2020-05-31,5786823.675,51
2020-06-01,5786825.0,50
2020-06-02,5786822.987,56
2020-06-03,5730393.987,48
2020-06-04,5730394.0,54
2020-06-05,5730394.0,53
2020-06-06,5730394.0,54
2020-06-07,5730394.0,54
2020-06-08,5730394.0,53
2020-06-09,5730392.748,52
2020-06-10,5662377.988,54
2020-06-11,5662377.625,52
2020-06-12,5662378.0,38
2020-06-13,5662378.0,38
2020-06-14,5662378.0,40
2020-06-15,5662377.997,37
2020-06-16,5662374.0,39
2020-06-17,5533839.999,38
2020-06-18,5533839.999,40
2020-06-19,5533839.999,39
2020-06-20,5533839.999,38
2020-06-21,5533839.999,37
2020-06-22,5533839.99,38
2020-06-23,5533839.989,41
2020-06-24,5458359.999,50
2020-06-25,5458359.999,43
2020-06-26,5458359.8,40
2020-06-27,5458359.8,43
2020-06-28,5458359.8,40
2020-06-29,5458359.75,41
2020-06-30,5458359.05,44
2020-07-01,5351419.998,42
2020-07-02,5351420.0,42
2020-07-03,5351420.0,41
2020-07-04,5351420.0,40
2020-07-05,5351420.0,38
2020-07-06,5351420.0,40
2020-07-07,5351419.997,43
2020-07-08,5267617.999,44
2020-07-09,5267618.0,44
2020-07-10,5267618.0,41
2020-07-11,5267618.0,44
2020-07-12,5267618.0,41
2020-07-13,5267617.999,43
2020-07-14,5267617.999,43
2020-07-15,5303283.999,44
2020-07-16,5303283.999,43
2020-07-17,5303284.0,41
2020-07-18,5303284.0,44
2020-07-19,5303284.0,41
2020-07-20,5303283.997,44
2020-07-21,5303284.0,44
2020-07-22,5159811.0,50
2020-07-23,5159811.0,55
2020-07-24,5159811.0,53
2020-07-25,5159811.0,55
2020-07-26,5159811.0,55
2020-07-27,5159811.0,58
2020-07-28,5159811.0,76
2020-07-29,5132344.999,71
2020-07-30,5132344.693,76
2020-07-31,5132344.85,75
2020-08-01,5132344.85,75
2020-08-02,5132344.85,80
2020-08-03,5132345.0,75
2020-08-04,5132344.995,72
2020-08-05,5200009.0,75
2020-08-06,5200009.0,79
2020-08-07,5200009.0,77
2020-08-08,5200009.0,77
2020-08-09,5200009.0,79
2020-08-10,5200008.992000001,78
2020-08-11,5200009.0,84
2020-08-12,5287543.897,75
2020-08-13,5287543.874,75
2020-08-14,5287543.999,78
2020-08-15,5287543.999,79
2020-08-16,5287543.999,82
2020-08-17,5287543.946,83
2020-08-18,5287543.998,82
2020-08-19,5367131.888,80
2020-08-20,5367131.85,75
2020-08-21,5367132.0,81
2020-08-22,5367132.0,78
2020-08-23,5367132.0,76
2020-08-24,5367132.0,78
2020-08-25,5367131.988,75
2020-08-26,5367727.991,76
2020-08-27,5367727.998,75
2020-08-28,5367728.0,74
2020-08-29,5367728.0,79
2020-08-30,5367728.0,75
2020-08-31,5367727.989,75
2020-09-01,5367727.992000001,75
2020-09-02,5378332.986,83
2020-09-03,5378333.0,79
2020-09-04,5378333.0,40
2020-09-05,5378333.0,41
2020-09-06,5378333.0,41
2020-09-07,5378333.0,41
2020-09-08,5378333.0,41
2020-09-09,5399530.999,38
2020-09-10,5399530.99,38
2020-09-11,5399531.0,41
2020-09-12,5399531.0,41
2020-09-13,5399531.0,38
2020-09-14,5399530.999,39
2020-09-15,5399530.998,47
2020-09-16,5449619.945,43
2020-09-17,5449619.999,48
2020-09-18,5449620.0,49
2020-09-19,5449620.0,48
2020-09-20,5449620.0,52
2020-09-21,5449619.946,48
2020-09-22,5449620.0,39
2020-09-23,5412472.999,43
2020-09-24,5412472.996,39
2020-09-25,5412473.0,46
2020-09-26,5412473.0,45
2020-09-27,5412473.0,47
2020-09-28,5412473.0,43
2020-09-29,5412471.699,45
2020-09-30,5376976.15,49
2020-10-01,5376976.999,45
2020-10-02,5376977.0,41
2020-10-03,5376977.0,40
2020-10-04,5376977.0,42
2020-10-05,5376977.0,42
2020-10-06,5376977.0,47
2020-10-07,5377574.989,43
2020-10-08,5377574.788,46
2020-10-09,5377575.0,48
2020-10-10,5377575.0,53
2020-10-11,5377575.0,55
2020-10-12,5377575.0,52
2020-10-13,5377575.0,56
2020-10-14,5470428.0,53
2020-10-15,5470427.999,56
2020-10-16,5470427.998,52
2020-10-17,5470427.998,56
2020-10-18,5470427.998,55
2020-10-19,5470427.996,55
2020-10-20,5470427.993,56
2020-10-21,5452473.0,61
2020-10-22,5452472.999,73
2020-10-23,5452473.0,74
2020-10-24,5452473.0,73
2020-10-25,5452473.0,76
2020-10-26,5452472.999,75
2020-10-27,5452473.0,61
2020-10-28,5465372.995,70
2020-10-29,5465372.986,67
2020-10-30,5465372.999,74
2020-10-31,5465372.999,73
2020-11-01,5465372.999,72
2020-11-02,5465373.0,71
2020-11-03,5465373.0,71
2020-11-04,5536133.0,74
2020-11-05,5536133.0,72
2020-11-06,5536133.0,90
2020-11-07,5536133.0,88
2020-11-08,5536133.0,82
2020-11-09,5536133.0,90
2020-11-10,5536133.0,90
2020-11-11,5574580.0,86
2020-11-12,5574580.0,87
2020-11-13,5574579.997,89
2020-11-14,5574579.997,90
2020-11-15,5574579.997,86
2020-11-16,5574579.987,90
2020-11-17,5574580.0,86
2020-11-18,5686187.897,91
2020-11-19,5686186.0,94
2020-11-20,5686188.0,86
2020-11-21,5686188.0,91
2020-11-22,5686188.0,94
2020-11-23,5686187.515,90
2020-11-24,5686187.999,88
2020-11-25,5699265.0,94
2020-11-26,5699265.0,93
2020-11-27,5699265.0,86
2020-11-28,5699265.0,87
2020-11-29,5699265.0,89
2020-11-30,5699264.994,88
2020-12-01,5699264.998,95
2020-12-02,5691360.999,92
2020-12-03,5691361.0,92
2020-12-04,5691361.0,92
2020-12-05,5691361.0,93
2020-12-06,5691361.0,95
2020-12-07,5691360.999,94
2020-12-08,5691360.999,95
2020-12-09,5708414.997,86
2020-12-10,5708414.999,94
2020-12-11,5708415.0,89
2020-12-12,5708415.0,90
2020-12-13,5708415.0,91
2020-12-14,5708414.9,95
2020-12-15,5708414.999,91
2020-12-16,5832893.973999999,92
2020-12-17,5832893.986,92
2020-12-18,5832893.968,95
2020-12-19,5832893.968,93
2020-12-20,5832893.968,92
2020-12-21,5832893.565,92
2020-12-22,5832893.5940000005,88
2020-12-23,5801631.143,93
2020-12-24,5801631.99,86
2020-12-25,5801631.99,94
2020-12-26,5801631.99,93
2020-12-27,5801631.99,91
2020-12-28,5801631.098999999,92
2020-12-29,5801631.743,91
2020-12-30,5772295.348,91
2020-12-31,5772286.348999999,95
2021-01-01,5772286.348999999,94
2021-01-02,5772286.348999999,94
2021-01-03,5772286.348999999,93
2021-01-04,5772295.999,94
2021-01-05,5772295.995,93
2021-01-06,5665481.996,95
2021-01-07,5665481.999,91
2021-01-08,5665482.0,93
2021-01-09,5665482.0,93
2021-01-10,5665482.0,94
2021-01-11,5665482.0,90
2021-01-12,5665482.0,84
2021-01-13,5744547.0,78
2021-01-14,5744546.4,83
2021-01-15,5744547.0,88
2021-01-16,5744547.0,84
2021-01-17,5744547.0,79
2021-01-18,5744547.0,79
2021-01-19,5744546.996,80
2021-01-20,5788034.194,78
2021-01-21,5788034.799000001,75
2021-01-22,5788036.0,40
2021-01-23,5788036.0,74
2021-01-24,5788036.0,70
2021-01-25,5788033.8,74
2021-01-26,5788034.369,71
2021-01-27,5771384.848,78
2021-01-28,5771383.345,55
2021-01-29,5771378.9,77
2021-01-30,5771378.9,76
2021-01-31,5771378.9,78
2021-02-01,5771385.988,77
2021-02-02,5771385.989,76
2021-02-03,5785272.822,78
2021-02-04,5785272.5,80
2021-02-05,5785272.99,81
2021-02-06,5785272.99,84
2021-02-07,5785272.99,86
2021-02-08,5785272.998,83
2021-02-09,5785272.999,95
2021-02-10,5833319.0,92
2021-02-11,5833318.892,93
2021-02-12,5833318.999,92
2021-02-13,5833318.999,92
2021-02-14,5833318.999,95
2021-02-15,5833318.999,93
2021-02-16,5833318.996,95
2021-02-17,5990360.95,95
2021-02-18,5990361.0,91
2021-02-19,5990360.998,93
2021-02-20,5990360.998,91
2021-02-21,5990360.998,91
2021-02-22,5990359.9,94
2021-02-23,5990360.565,94
2021-02-24,6060133.999,76
2021-02-25,6060124.024,79
2021-02-26,6060122.8,55
2021-02-27,6060122.8,56
2021-02-28,6060122.8,55
2021-03-01,6060134.0,38
2021-03-02,6060133.995,78
2021-03-03,6127974.493,78
2021-03-04,6127972.9,84
2021-03-05,6127974.0,77
2021-03-06,6127974.0,77
2021-03-07,6127974.0,76
2021-03-08,6127974.975,81
2021-03-09,6127975.0,81
2021-03-10,6219836.9,68
2021-03-11,6219825.949,73
2021-03-12,6219830.2,70
2021-03-13,6219830.2,74
2021-03-14,6219830.2,78
2021-03-15,6219836.997,76
2021-03-16,6219836.298,71
2021-03-17,6420923.0,71
2021-03-18,6420896.43,72
2021-03-19,6420904.092,71
2021-03-20,6420904.092,75
2021-03-21,6420904.092,73
2021-03-22,6420900.757999999,70
2021-03-23,6420903.473999999,66
2021-03-24,6658462.098,65
2021-03-25,6658473.9,60
2021-03-26,6658472.55,54
2021-03-27,6658472.55,65
2021-03-28,6658472.55,74
2021-03-29,6658443.646,72
2021-03-30,6658379.275,72
2021-03-31,6663126.693,76
2021-04-01,6663251.425,74
2021-04-02,6663251.425,74
2021-04-03,6663251.425,73
2021-04-04,6663251.425,74
2021-04-05,6663257.55,71
2021-04-06,6663242.049,75
2021-04-07,6698743.965,72
2021-04-08,6698751.36,73
2021-04-09,6698747.735,70
2021-04-10,6698747.735,70
2021-04-11,6698747.735,76
2021-04-12,6698748.779,74
2021-04-13,6698741.457,74
2021-04-14,6867959.144,75
2021-04-15,6867981.374,79
2021-04-16,6867970.0600000005,78
2021-04-17,6867970.0600000005,76
2021-04-18,6867970.0600000005,79
2021-04-19,6867956.202,74
2021-04-20,6867942.2530000005,73
2021-04-21,6804964.671,73
2021-04-22,6804943.356,65
2021-04-23,6804972.206,55
2021-04-24,6804972.206,37
2021-04-25,6804972.206,31
2021-04-26,6804945.084,27
2021-04-27,6804903.828,50
2021-04-28,6813106.268,59
2021-04-29,6813099.531,52
2021-04-30,6813089.766,51
2021-05-01,6813089.766,68
2021-05-02,6813089.766,66
2021-05-03,6813143.276,61
2021-05-04,6813125.194,68
2021-05-05,6856634.2,48
2021-05-06,6856642.079,65
2021-05-07,6856635.144,64
2021-05-08,6856635.144,67
2021-05-09,6856635.144,73
2021-05-10,6856621.452,72
2021-05-11,6856615.247,61
2021-05-12,6931674.743,68
2021-05-13,6931648.783,31
2021-05-14,6931642.815,26
2021-05-15,6931642.815,27
2021-05-16,6931642.815,20
2021-05-17,6931675.04,27
2021-05-18,6931640.53,21
2021-05-19,7056470.002,23
2021-05-20,7056412.879,11
2021-05-21,7056394.954,19
2021-05-22,7056394.954,12
2021-05-23,7056394.954,14
2021-05-24,7056369.059,10
2021-05-25,7056331.045,22
2021-05-26,7090617.717,22
2021-05-27,7090582.671,27
2021-05-28,7090588.502,21
2021-05-29,7090588.502,18
2021-05-30,7090588.502,10
2021-05-31,7090588.502,18
2021-06-01,7090620.015,20
2021-06-02,7152029.222,23
2021-06-03,7151988.898,24
2021-06-04,7151984.651,27
2021-06-05,7151984.651,24
2021-06-06,7151984.651,17
2021-06-07,7151981.903,15
2021-06-08,7151970.572,13
2021-06-09,7221589.096,14
2021-06-10,7221557.057,21
2021-06-11,7221544.192,21
2021-06-12,7221544.192,28
2021-06-13,7221544.192,23
2021-06-14,7221508.108,28
2021-06-15,7221582.441,38
2021-06-16,7409847.058,33
2021-06-17,7409612.2,26
2021-06-18,7409620.879,25
2021-06-19,7409620.879,23
2021-06-20,7409620.879,21
2021-06-21,7409602.859,23
2021-06-22,7409576.395,10
2021-06-23,7366442.35,14
2021-06-24,7366442.952,22
2021-06-25,7366485.17,27
2021-06-26,7366485.17,20
2021-06-27,7366485.17,22
2021-06-28,7366452.981,25
2021-06-29,7366414.754,25
2021-06-30,7331590.061,28
2021-07-01,7331839.353,28
2021-07-02,7331850.496,21
2021-07-03,7331850.496,24
2021-07-04,7331850.496,27
2021-07-05,7331850.496,29
2021-07-06,7331809.419,20
2021-07-07,7343623.28,28
2021-07-08,7343615.601,20
2021-07-09,7343628.404,20
2021-07-10,7343628.404,20
2021-07-11,7343628.404,20
2021-07-12,7343632.528,25
2021-07-13,7343610.733,20
2021-07-14,7495873.025,21
2021-07-15,7495956.739,20
2021-07-16,7495915.434,22
2021-07-17,7495915.434,15
2021-07-18,7495915.434,19
2021-07-19,7495872.532,24
2021-07-20,7495884.898,19
2021-07-21,7561540.794,10
2021-07-22,7561528.803,21
2021-07-23,7561549.749,23
2021-07-24,7561549.749,22
2021-07-25,7561549.749,27
2021-07-26,7561535.797,26
2021-07-27,7561499.581,32
2021-07-28,7642303.811,50
2021-07-29,7642281.717,50
2021-07-30,7642229.606,53
2021-07-31,7642229.606,60
2021-08-01,7642229.606,60
2021-08-02,7642347.683,48
2021-08-03,7642359.558,48
2021-08-04,7741473.245,42
2021-08-05,7741460.665,50
2021-08-06,7741452.866,52
2021-08-07,7741452.866,69
2021-08-08,7741452.866,74
2021-08-09,7741423.235,65
2021-08-10,7741406.346,71
2021-08-11,7821239.54,70
2021-08-12,7821152.658,70
2021-08-13,7821189.059,70
2021-08-14,7821189.059,76
2021-08-15,7821189.059,71
2021-08-16,7821203.582,72
2021-08-17,7821186.546,72
2021-08-18,8002674.344,73
2021-08-19,8002680.062,70
2021-08-20,8002678.095,70
2021-08-21,8002678.095,78
2021-08-22,8002678.095,76
2021-08-23,8002654.303,79
2021-08-24,8002660.263,79
2021-08-25,8030165.911,73
2021-08-26,8030221.208,75
2021-08-27,8030192.985,71
2021-08-28,8030192.985,78
2021-08-29,8030192.985,72
2021-08-30,8030172.289,73
2021-08-31,8030123.384,73
2021-09-01,8070438.885,71
2021-09-02,8070456.013,74
2021-09-03,8070448.293,74
2021-09-04,8070448.293,72
2021-09-05,8070448.293,73
2021-09-06,8070448.293,79
2021-09-07,8070443.055,79
2021-09-08,8102702.771,47
2021-09-09,8102710.341,45
2021-09-10,8102718.677,46
2021-09-11,8102718.677,31
2021-09-12,8102718.677,32
2021-09-13,8102730.892,44
2021-09-14,8102648.72,30
2021-09-15,8217360.658,49
2021-09-16,8217294.506,53
2021-09-17,8217223.697,48
2021-09-18,8217223.697,50
2021-09-19,8217223.697,53
2021-09-20,8217217.711,50
2021-09-21,8217201.506,27
2021-09-22,8180518.719,21
2021-09-23,8180449.517,27
2021-09-24,8180488.343,33
2021-09-25,8180488.343,28
2021-09-26,8180488.343,27
2021-09-27,8180504.95,26
2021-09-28,8180436.815,25
2021-09-29,8248821.16,24
2021-09-30,8248632.119,20
2021-10-01,8248851.009,27
2021-10-02,8248851.009,54
2021-10-03,8248851.009,49
2021-10-04,8248837.827,54
2021-10-05,8248805.82,59
2021-10-06,8326998.825,68
2021-10-07,8327074.137,76
2021-10-08,8327078.042,74
2021-10-09,8327078.042,72
2021-10-10,8327078.042,71
2021-10-11,8327078.042,71
2021-10-12,8327082.949,78
2021-10-13,8401719.299,70
2021-10-14,8401638.34,70
2021-10-15,8401621.703,71
2021-10-16,8401621.703,78
2021-10-17,8401621.703,79
2021-10-18,8401606.886,78
2021-10-19,8401613.261,75
2021-10-20,8480063.039,82
2021-10-21,8480098.395,84
2021-10-22,8480153.98,75
2021-10-23,8480153.98,74
2021-10-24,8480153.98,73
2021-10-25,8480143.812,72
2021-10-26,8480133.802,76
2021-10-27,8341456.63,73
2021-10-28,8341505.316,66
2021-10-29,8341387.704,70
2021-10-30,8341387.704,73
2021-10-31,8341387.704,74
2021-11-01,8341531.394,74
2021-11-02,8341560.087,73
2021-11-03,8293322.015,76
2021-11-04,8293317.461,73
2021-11-05,8293311.941,73
2021-11-06,8293311.941,71
2021-11-07,8293311.941,73
2021-11-08,8293311.618,75
2021-11-09,8293288.803,84
2021-11-10,8402375.377,75
2021-11-11,8402375.377,77
2021-11-12,8402406.357,74
2021-11-13,8402406.357,72
2021-11-14,8402406.357,74
2021-11-15,8402432.343,72
2021-11-16,8402357.143,71
2021-11-17,8461997.0,52
2021-11-18,8461932.903,54
2021-11-19,8461941.616,34
2021-11-20,8461941.616,43
2021-11-21,8461941.616,49
2021-11-22,8461943.231,50
2021-11-23,8461945.02,33
2021-11-24,8516231.103,42
2021-11-25,8516231.103,32
2021-11-26,8516232.892,47
2021-11-27,8516232.892,21
2021-11-28,8516232.892,27
2021-11-29,8516224.661,33
2021-11-30,8516166.044,40
2021-12-01,8496323.653,34
2021-12-02,8496302.415,32
2021-12-03,8496275.536,31
2021-12-04,8496275.536,25
2021-12-05,8496275.536,18
2021-12-06,8496263.004,16
2021-12-07,8496295.962,25
2021-12-08,8547922.808,28
2021-12-09,8547906.973,29
2021-12-10,8547899.853,24
2021-12-11,8547899.853,16
2021-12-12,8547899.853,27
2021-12-13,8547807.232,28
2021-12-14,8547822.512,21
2021-12-15,8650246.903,28
2021-12-16,8650210.374,29
2021-12-17,8650163.414,23
2021-12-18,8650163.414,24
2021-12-19,8650163.414,29
2021-12-20,8650109.959,25
2021-12-21,8650119.715,27
2021-12-22,8703841.723,45
2021-12-23,8703963.22,34
2021-12-24,8703963.22,41
2021-12-25,8703963.22,39
2021-12-26,8703963.22,37
2021-12-27,8703960.653,40
2021-12-28,8703903.936,41
2021-12-29,8543968.494,27
2021-12-30,8543914.524,22
2021-12-31,8543706.418,28
2022-01-01,8543706.418,21
2022-01-02,8543706.418,29
2022-01-03,8544031.474,29
2022-01-04,8544115.308,23
2022-01-05,8374477.212999999,24
2022-01-06,8374459.447,15
2022-01-07,8374439.904,18
2022-01-08,8374439.904,10
2022-01-09,8374439.904,23
2022-01-10,8374409.579,23
2022-01-11,8374442.98,21
2022-01-12,8330340.019,22
2022-01-13,8330240.258,21
2022-01-14,8330278.113,21
2022-01-15,8330278.113,23
2022-01-16,8330278.113,21
2022-01-17,8330278.113,22
2022-01-18,8330279.863,24
2022-01-19,8377480.424,24
2022-01-20,8377458.069,24
2022-01-21,8377430.873,19
2022-01-22,8377430.873,13
2022-01-23,8377430.873,11
2022-01-24,8377522.998,13
2022-01-25,8377537.498,12
2022-01-26,8243994.954,23
2022-01-27,8244024.105,20
2022-01-28,8243992.979,24
2022-01-29,8243992.979,24
2022-01-30,8243992.979,29
2022-01-31,8243953.15,20
2022-02-01,8244023.891,26
2022-02-02,8195811.105,28
2022-02-03,8195797.603,20
2022-02-04,8195795.108,20
2022-02-05,8195795.108,33
2022-02-06,8195795.108,37
2022-02-07,8195758.068,45
2022-02-08,8195763.39,48
2022-02-09,8189971.847,54
2022-02-10,8189990.854,50
2022-02-11,8189989.174,50
2022-02-12,8189989.174,44
2022-02-13,8189989.174,44
2022-02-14,8189958.768,46
2022-02-15,8190016.506,46
2022-02-16,8216847.866,51
2022-02-17,8216844.798,52
2022-02-18,8216817.071,30
2022-02-19,8216817.071,25
2022-02-20,8216817.071,27
2022-02-21,8216817.071,25
2022-02-22,8216792.568,20
2022-02-23,8228552.678,25
2022-02-24,8228640.601,23
2022-02-25,8228687.651,27
2022-02-26,8228687.651,26
2022-02-27,8228687.651,26
2022-02-28,8228694.948,20
2022-03-01,8228738.05,51
2022-03-02,8220025.789,52
2022-03-03,8220018.008,39
2022-03-04,8220068.939,33
2022-03-05,8220068.939,22
2022-03-06,8220068.939,22
2022-03-07,8220090.773,23
2022-03-08,8220026.901,21
2022-03-09,8257166.496,22
2022-03-10,8257140.265,28
2022-03-11,8257151.177,22
2022-03-12,8257151.177,22
2022-03-13,8257151.177,21
2022-03-14,8257100.979,23
2022-03-15,8257125.529,21
2022-03-16,8382086.363,24
2022-03-17,8382040.023,27
2022-03-18,8381984.852,25
2022-03-19,8381984.852,28
2022-03-20,8381984.852,31
2022-03-21,8381971.107,30
2022-03-22,8381936.817,26
2022-03-23,8346054.814,31
2022-03-24,8346150.345,40
2022-03-25,8346181.026,47
2022-03-26,8346181.026,51
2022-03-27,8346181.026,49
2022-03-28,8346169.368,60
2022-03-29,8346139.13,56
2022-03-30,8360291.061,55
2022-03-31,8360205.03,52
2022-04-01,8360410.937,50
2022-04-02,8360410.937,52
2022-04-03,8360410.937,48
2022-04-04,8360384.064,52
2022-04-05,8360366.166,53
2022-04-06,8361409.528,48
2022-04-07,8361406.576,34
2022-04-08,8361390.502,37
2022-04-09,8361390.502,30
2022-04-10,8361390.502,34
2022-04-11,8361382.042,32
2022-04-12,8361430.586,20
2022-04-13,8416363.445,25
2022-04-14,8416472.065,28
2022-04-15,8416472.065,22
2022-04-16,8416472.065,28
2022-04-17,8416472.065,28
2022-04-18,8416440.621,24
2022-04-19,8416361.708,27
2022-04-20,8242578.439999999,27
2022-04-21,8242590.3,27
2022-04-22,8242679.969,26
2022-04-23,8242679.969,24
2022-04-24,8242679.969,24
2022-04-25,8242661.391,23
2022-04-26,8242625.657,27
2022-04-27,7993067.837999999,21
2022-04-28,7993052.584,24
2022-04-29,7992964.198,23
2022-04-30,7992964.198,20
2022-05-01,7992964.198,22
2022-05-02,7993074.698,28
2022-05-03,7993074.748,27
2022-05-04,7992678.344,21
2022-05-05,7992649.238,27
2022-05-06,7992632.134,22
2022-05-07,7992632.134,23
2022-05-08,7992632.134,18
2022-05-09,7992635.005,11
2022-05-10,7992629.775,10
2022-05-11,7994473.881,12
2022-05-12,7994449.931,12
2022-05-13,7994484.712999999,10
2022-05-14,7994484.712999999,9
2022-05-15,7994484.712999999,10
2022-05-16,7994516.848,14
2022-05-17,7994472.517,8
2022-05-18,8056960.627,12
2022-05-19,8056952.995,13
2022-05-20,8056946.013,13
2022-05-21,8056946.013,13
2022-05-22,8056946.013,14
2022-05-23,8056889.342,10
2022-05-24,8056946.135,12
2022-05-25,8090750.25,11
2022-05-26,8090738.298,12
2022-05-27,8090739.312,12
2022-05-28,8090739.312,13
2022-05-29,8090739.312,14
2022-05-30,8090739.312,10
2022-05-31,8090767.462,16
2022-06-01,8123552.985,17
2022-06-02,8123532.761,13
2022-06-03,8123486.772,10
2022-06-04,8123486.772,14
2022-06-05,8123486.772,10
2022-06-06,8123477.907,13
2022-06-07,8123426.605,15
2022-06-08,8192729.723,17
2022-06-09,8192727.682,11
2022-06-10,8192707.115,13
2022-06-11,8192707.115,12
2022-06-12,8192707.115,14
2022-06-13,8192657.38,11
2022-06-14,8192646.143,8
2022-06-15,8273387.076,7
2022-06-16,8273371.618,7
2022-06-17,8273320.721,9
2022-06-18,8273320.721,6
2022-06-19,8273320.721,6
2022-06-20,8273320.721,9
2022-06-21,8273361.373,9
2022-06-22,8173803.542,11
2022-06-23,8173777.558,11
2022-06-24,8173882.016,11
2022-06-25,8173882.016,14
2022-06-26,8173882.016,14
2022-06-27,8173907.058,12
2022-06-28,8173849.216,10
2022-06-29,8154699.024,13
2022-06-30,8154596.257,11
2022-07-01,8154758.915,11
2022-07-02,8154758.915,14
2022-07-03,8154758.915,11
2022-07-04,8154758.915,14
2022-07-05,8154787.72,19
2022-07-06,8189225.974,18
2022-07-07,8189221.543,18
2022-07-08,8189249.079,20
2022-07-09,8189249.079,24
2022-07-10,8189249.079,24
2022-07-11,8189229.734,22
2022-07-12,8189247.868,16
2022-07-13,8241139.71,15
2022-07-14,8241087.879,18
2022-07-15,8241141.25,15
2022-07-16,8241141.25,21
2022-07-17,8241141.25,24
2022-07-18,8241104.625,20
2022-07-19,8241083.179,30
2022-07-20,8283094.796,31
2022-07-21,8283063.244,34
2022-07-22,8283106.041,33
2022-07-23,8283106.041,31
2022-07-24,8283106.041,30
2022-07-25,8283142.633,30
2022-07-26,8283145.526,26
2022-07-27,8284870.006,28
2022-07-28,8284819.117,32
2022-07-29,8284758.8,39
2022-07-30,8284758.8,42
2022-07-31,8284758.8,39
2022-08-01,8284897.115,33
2022-08-02,8284902.987,31
2022-08-03,8278322.762,34
2022-08-04,8278313.454,30
2022-08-05,8278310.073,31
2022-08-06,8278310.073,31
2022-08-07,8278310.073,30
2022-08-08,8278309.308,30
2022-08-09,8278318.432,42
2022-08-10,8319695.354,31
2022-08-11,8319673.753,41
2022-08-12,8319659.807,42
2022-08-13,8319659.807,46
2022-08-14,8319659.807,47
2022-08-15,8319697.143,45
2022-08-16,8319707.668,44
2022-08-17,8302241.369,41
2022-08-18,8302222.839,30
2022-08-19,8302219.32,33
2022-08-20,8302219.32,29
2022-08-21,8302219.32,27
2022-08-22,8302205.335,29
2022-08-23,8302190.282,28
2022-08-24,8313931.928,25
2022-08-25,8313981.093,25
2022-08-26,8313986.548,27
2022-08-27,8313986.548,28
2022-08-28,8313986.548,28
2022-08-29,8313963.812,24
2022-08-30,8313980.025,27
2022-08-31,8211305.975,23
2022-09-01,8211383.844,20
2022-09-02,8211383.587,25
2022-09-03,8211383.587,21
2022-09-04,8211383.587,20
2022-09-05,8211383.587,23
2022-09-06,8211368.204,22
2022-09-07,8238899.013,24
2022-09-08,8238895.534,20
2022-09-09,8238896.286,22
2022-09-10,8238896.286,28
2022-09-11,8238896.286,26
2022-09-12,8238887.454,25
2022-09-13,8238903.280999999,34
2022-09-14,8236725.421,27
2022-09-15,8236774.812,28
2022-09-16,8236764.167,20
2022-09-17,8236764.167,22
2022-09-18,8236764.167,27
2022-09-19,8236733.458,21
2022-09-20,8236712.13,23
2022-09-21,8121990.1,23
2022-09-22,8121946.773,22
2022-09-23,8121986.639,20
2022-09-24,8121986.639,24
2022-09-25,8121986.639,24
2022-09-26,8122006.989,21
2022-09-27,8121978.889,20
2022-09-28,8103631.202,20
2022-09-29,8103626.237,22
2022-09-30,8103572.09,21
2022-10-01,8103572.09,20
2022-10-02,8103572.09,24
2022-10-03,8103745.477,24
2022-10-04,8103764.384,20
2022-10-05,8122883.201,25
2022-10-06,8122881.199,26
2022-10-07,8122887.05,23
2022-10-08,8122887.05,24
2022-10-09,8122887.05,22
2022-10-10,8122887.05,22
2022-10-11,8122891.521,24
2022-10-12,8148419.794,20
2022-10-13,8148422.9,20
2022-10-14,8148444.948,24
2022-10-15,8148444.948,24
2022-10-16,8148444.948,24
2022-10-17,8148494.699,20
2022-10-18,8148440.275,22
2022-10-19,8134481.165,23
2022-10-20,8134488.929,23
2022-10-21,8134457.191,23
2022-10-22,8134457.191,20
2022-10-23,8134457.191,23
2022-10-24,8134480.956,22
2022-10-25,8134527.384,20
2022-10-26,8086355.144,33
2022-10-27,8086389.515,32
2022-10-28,8086358.71,30
2022-10-29,8086358.71,34
2022-10-30,8086358.71,34
2022-10-31,8086266.541,31
2022-11-01,8086341.49,30
2022-11-02,8076096.139,30
2022-11-03,8076106.209,30
2022-11-04,8076095.16,30
2022-11-05,8076095.16,38
2022-11-06,8076095.16,40
2022-11-07,8076084.683,33
2022-11-08,8076093.445,31
2022-11-09,8149169.188,29
2022-11-10,8149206.414,22
2022-11-11,8149206.414,25
2022-11-12,8149206.414,21
2022-11-13,8149206.414,22
2022-11-14,8149241.982,24
2022-11-15,8149320.426,22
2022-11-16,8120538.93,23
2022-11-17,8120523.561,20
2022-11-18,8120524.587,23
2022-11-19,8120524.587,23
2022-11-20,8120524.587,24
2022-11-21,8120512.574,21
2022-11-22,8120534.068,22
2022-11-23,8139846.826,22
2022-11-24,8139846.826,20
2022-11-25,8139884.934,20
2022-11-26,8139884.934,22
2022-11-27,8139884.934,26
2022-11-28,8139861.086,28
2022-11-29,8139851.623,26
2022-11-30,8070986.087,29
2022-12-01,8071051.714,27
2022-12-02,8071052.237,27
2022-12-03,8071052.237,27
2022-12-04,8071052.237,26
2022-12-05,8071008.353,26
2022-12-06,8070990.535,25
2022-12-07,8148248.451,29
2022-12-08,8148224.027,25
2022-12-09,8148253.252,26
2022-12-10,8148253.252,27
2022-12-11,8148253.252,26
2022-12-12,8148241.483,27
2022-12-13,8148219.324,27
2022-12-14,8225703.136,30
2022-12-15,8225772.005,31
2022-12-16,8225769.46,29
2022-12-17,8225769.46,28
2022-12-18,8225769.46,26
2022-12-19,8225761.235,29
2022-12-20,8225736.592,29
2022-12-21,8102424.035,26
2022-12-22,8102408.102,28
2022-12-23,8102414.652,27
2022-12-24,8102414.652,29
2022-12-25,8102414.652,29
2022-12-26,8102414.652,28
2022-12-27,8102409.741,27
2022-12-28,8120949.996999999,28
2022-12-29,8120934.681,28
2022-12-30,8120689.284,28
2022-12-31,8120689.284,25
2023-01-01,8120689.284,26
2023-01-02,8120689.284,27
2023-01-03,8121054.728,26
2023-01-04,8081574.458,29
2023-01-05,8081561.514,29
2023-01-06,8081595.735,26
2023-01-07,8081595.735,25
2023-01-08,8081595.735,25
2023-01-09,8081604.879,25
2023-01-10,8081611.058,26
2023-01-11,8134047.83,26
2023-01-12,8134044.011,30
2023-01-13,8134067.219,31
2023-01-14,8134067.219,46
2023-01-15,8134067.219,52
2023-01-16,8134067.219,45
2023-01-17,8134153.672,51
2023-01-18,8147889.322,52
2023-01-19,8147910.855,45
2023-01-20,8147930.477,51
2023-01-21,8147930.477,53
2023-01-22,8147930.477,53
2023-01-23,8147885.501,50
2023-01-24,8147972.614,52
2023-01-25,7976677.439,51
2023-01-26,7976684.931,54
2023-01-27,7976705.366,55
2023-01-28,7976705.366,52
2023-01-29,7976705.366,55
2023-01-30,7976660.286,61
2023-01-31,7976647.428,51
2023-02-01,7871482.738,56
2023-02-02,7871470.937,60
2023-02-03,7871479.783,60
2023-02-04,7871479.783,58
2023-02-05,7871479.783,58
2023-02-06,7871448.739,56
2023-02-07,7871463.042,54
2023-02-08,7940032.396,58
2023-02-09,7940033.058,55
2023-02-10,7940049.107,48
2023-02-11,7940049.107,49
2023-02-12,7940049.107,50
2023-02-13,7939984.225,48
2023-02-14,7940015.452,50
2023-02-15,7892376.002,53
2023-02-16,7892355.543,62
2023-02-17,7892328.337999999,61
2023-02-18,7892328.337999999,60
2023-02-19,7892328.337999999,60
2023-02-20,7892328.337999999,58
2023-02-21,7892341.936,60
2023-02-22,7902743.151,59
2023-02-23,7902709.583,56
2023-02-24,7902714.859,53
2023-02-25,7902714.859,52
2023-02-26,7902714.859,51
2023-02-27,7902694.565,50
2023-02-28,7902668.965,53
2023-03-01,7956305.05,50
2023-03-02,7956246.645,51
2023-03-03,7956252.85,50
2023-03-04,7956252.85,50
2023-03-05,7956252.85,47
2023-03-06,7956248.207,48
2023-03-07,7956268.805,49
2023-03-08,8006739.763,50
2023-03-09,8006703.377,44
2023-03-10,8006744.625,34
2023-03-11,8006744.625,33
2023-03-12,8006744.625,33
2023-03-13,8006806.323,49
2023-03-14,8006890.421,56
2023-03-15,8404378.177,50
2023-03-16,8404367.681,52
2023-03-17,8404327.834,51
2023-03-18,8404327.834,64
2023-03-19,8404327.834,63
2023-03-20,8404335.607,66
2023-03-21,8404239.369,68
2023-03-22,8471920.392,62
2023-03-23,8471966.044,57
2023-03-24,8471981.542,61
2023-03-25,8471981.542,64
2023-03-26,8471981.542,64
2023-03-27,8471979.869,64
2023-03-28,8471968.251,59
2023-03-29,8520100.138,57
2023-03-30,8520093.469,60
2023-03-31,8519989.829,63
2023-04-01,8519989.829,61
2023-04-02,8519989.829,63
2023-04-03,8520143.99,63
2023-04-04,8520145.625,62
2023-04-05,8461347.989,62
2023-04-06,8461417.337,63
2023-04-07,8461417.337,64
2023-04-08,8461417.337,61
2023-04-09,8461417.337,61
2023-04-10,8461351.345,62
2023-04-11,8461293.792,68
2023-04-12,8503285.138,65
2023-04-13,8503267.301,61
2023-04-14,8503335.214,68
2023-04-15,8503335.214,68
2023-04-16,8503335.214,68
2023-04-17,8503332.155,69
2023-04-18,8503350.006,58
2023-04-19,8424413.323,63
2023-04-20,8424430.741,52
2023-04-21,8424417.977,50
2023-04-22,8424417.977,53
2023-04-23,8424417.977,56
2023-04-24,8424399.462,53
2023-04-25,8424432.598,53
2023-04-26,8268786.439,56
2023-04-27,8268792.074,59
2023-04-28,8268740.521,64
2023-04-29,8268740.521,64
2023-04-30,8268740.521,60
2023-05-01,8268826.134,63
2023-05-02,8268798.87,55
2023-05-03,8232519.778,64
2023-05-04,8232535.601,64
2023-05-05,8232570.585,61
2023-05-06,8232570.585,60
2023-05-07,8232570.585,64
2023-05-08,8232560.399,60
2023-05-09,8232555.136,51
2023-05-10,8303117.851,52
2023-05-11,8303108.757,52
2023-05-12,8303121.801,49
2023-05-13,8303121.801,48
2023-05-14,8303121.801,48
2023-05-15,8303130.073,50
2023-05-16,8303147.786,54
2023-05-17,8338326.324,50
2023-05-18,8338301.734,51
2023-05-19,8338263.28,48
2023-05-20,8338263.28,48
2023-05-21,8338263.28,52
2023-05-22,8338264.689,49
2023-05-23,8338283.311,50
2023-05-24,8372052.291,50
2023-05-25,8372105.362,51
2023-05-26,8372113.319,49
2023-05-27,8372113.319,48
2023-05-28,8372113.319,50
2023-05-29,8372113.319,52
2023-05-30,8372102.521,51
2023-05-31,8334645.141,51
2023-06-01,8334739.945,52
2023-06-02,8334757.898,50
2023-06-03,8334757.898,53
2023-06-04,8334757.898,52
2023-06-05,8334768.583,53
2023-06-06,8334765.362,44
2023-06-07,8342407.444,53
2023-06-08,8342427.202,50
2023-06-09,8342441.348,50
2023-06-10,8342441.348,49
2023-06-11,8342441.348,47
2023-06-12,8342442.13,47
2023-06-13,8342494.48,45
2023-06-14,8284095.895,46
2023-06-15,8284212.86,41
2023-06-16,8284193.444,47
2023-06-17,8284193.444,47
2023-06-18,8284193.444,49
2023-06-19,8284193.444,47
2023-06-20,8284215.511,49
2023-06-21,8083172.898,59
2023-06-22,8083215.289,65
2023-06-23,8083240.62,65
2023-06-24,8083240.62,62
2023-06-25,8083240.62,64
2023-06-26,8083248.973,55
2023-06-27,8083258.902,59
2023-06-28,7948397.789,62
2023-06-29,7948408.316,54
2023-06-30,7948308.681,56
2023-07-01,7948308.681,59
2023-07-02,7948308.681,63
2023-07-03,7948433.361,62
2023-07-04,7948433.361,64
2023-07-05,7881003.939,61
2023-07-06,7881016.744,56
2023-07-07,7881048.697,55
2023-07-08,7881048.697,58
2023-07-09,7881048.697,55
2023-07-10,7881059.019,56
2023-07-11,7881095.204,57
2023-07-12,7780765.854,64
2023-07-13,7780818.568,57
2023-07-14,7780845.223,60
2023-07-15,7780845.223,56
2023-07-16,7780845.223,57
2023-07-17,7780857.678,54
2023-07-18,7780869.138,56
2023-07-19,7741684.196,50
2023-07-20,7741695.999,56
2023-07-21,7741646.248,50
2023-07-22,7741646.248,52
2023-07-23,7741646.248,54
2023-07-24,7741646.133,55
2023-07-25,7741696.284,50
2023-07-26,7697997.267,51
2023-07-27,7698011.217,51
2023-07-28,7698016.773,52
2023-07-29,7698016.773,52
2023-07-30,7698016.773,52
2023-07-31,7697925.876,50
2023-08-01,7698007.446,53
2023-08-02,7687534.814,53
2023-08-03,7687528.226,52
2023-08-04,7687511.196,54
2023-08-05,7687511.196,50
2023-08-06,7687511.196,49
2023-08-07,7687494.417,49
2023-08-08,7687526.649,54
2023-08-09,7761850.481,50
2023-08-10,7761887.103,53
2023-08-11,7761873.764,51
2023-08-12,7761873.764,54
2023-08-13,7761873.764,54
2023-08-14,7761847.689,50
2023-08-15,7761903.216,53
2023-08-16,7708135.275,52
2023-08-17,7708137.88,50
2023-08-18,7708112.799,37
2023-08-19,7708112.799,39
2023-08-20,7708112.799,37
2023-08-21,7708107.212,38
2023-08-22,7708119.706,37
2023-08-23,7723462.467,37
2023-08-24,7723547.377,41
2023-08-25,7723591.621,39
2023-08-26,7723591.621,38
2023-08-27,7723591.621,38
2023-08-28,7723570.395,39
2023-08-29,7723585.722,39
2023-08-30,7648819.181,49
2023-08-31,7648864.398,52
2023-09-01,7648941.935,40
2023-09-02,7648941.935,39
2023-09-03,7648941.935,40
2023-09-04,7648941.935,40
2023-09-05,7648947.51,40
2023-09-06,7628830.756,42
2023-09-07,7628901.711,41
2023-09-08,7628911.597,46
2023-09-09,7628911.597,41
2023-09-10,7628911.597,40
2023-09-11,7628887.889,40
2023-09-12,7628943.219,30
2023-09-13,7575725.775,41
2023-09-14,7575779.573,45
2023-09-15,7575870.597,45
2023-09-16,7575870.597,43
2023-09-17,7575870.597,46
2023-09-18,7575819.058,46
2023-09-19,7575818.676,46
2023-09-20,7382307.016,47
2023-09-21,7382339.885,47
2023-09-22,7382366.425,43
2023-09-23,7382366.425,47
2023-09-24,7382366.425,44
2023-09-25,7382356.689999999,47
2023-09-26,7382355.699,46
2023-09-27,7319478.195,44
2023-09-28,7319467.634,46
2023-09-29,7319363.431,48
2023-09-30,7319363.431,47
2023-10-01,7319363.431,48
2023-10-02,7319555.261,50
2023-10-03,7319572.535,50
2023-10-04,7286430.969,49
2023-10-05,7286507.868,48
2023-10-06,7286489.539,50
2023-10-07,7286489.539,49
2023-10-08,7286489.539,50
2023-10-09,7286489.539,50
2023-10-10,7286550.56,50
2023-10-11,7241654.618,47
2023-10-12,7241736.681,45
2023-10-13,7241742.182,44
2023-10-14,7241742.182,47
2023-10-15,7241742.182,45
2023-10-16,7241785.181,47
2023-10-17,7241811.498,52
2023-10-18,7172133.2190000005,50
2023-10-19,7172169.821,52
2023-10-20,7172145.244,53
2023-10-21,7172145.244,63
2023-10-22,7172145.244,53
2023-10-23,7172126.024,53
2023-10-24,7172186.125,66
2023-10-25,7072311.383,72
2023-10-26,7072322.15,71
2023-10-27,7072320.142,70
2023-10-28,7072320.142,65
2023-10-29,7072320.142,72
2023-10-30,7072273.965,68
2023-10-31,7072274.303,66
2023-11-01,7045097.538,66
2023-11-02,7045122.014,72
2023-11-03,7045105.861,65
2023-11-04,7045105.861,68
2023-11-05,7045105.861,70
2023-11-06,7045114.122,74
2023-11-07,7045168.315,68
2023-11-08,7086980.549,66
2023-11-09,7087011.686,69
2023-11-10,7086972.28,70
2023-11-11,7086972.28,70
2023-11-12,7086972.28,73
2023-11-13,7086984.728,72
2023-11-14,7087016.702,69
2023-11-15,7075484.759,60
2023-11-16,7075516.99,70
2023-11-17,7075493.197,63
2023-11-18,7075493.197,69
2023-11-19,7075493.197,66
2023-11-20,7075475.9120000005,69
2023-11-21,7075497.845,71
2023-11-22,7103865.396,62
2023-11-23,7103865.396,66
2023-11-24,7103931.093,66
2023-11-25,7103931.093,73
2023-11-26,7103931.093,73
2023-11-27,7103929.78,66
2023-11-28,7103923.656,68
2023-11-29,7056021.813,72
2023-11-30,7056048.178,74
2023-12-01,7056167.457,71
2023-12-02,7056167.457,74
2023-12-03,7056167.457,73
2023-12-04,7056120.153,74
2023-12-05,7056101.572,75
2023-12-06,7054029.502,72
2023-12-07,7054050.266,72
2023-12-08,7054054.592,72
2023-12-09,7054054.592,73
2023-12-10,7054054.592,74
2023-12-11,7054037.493,74
2023-12-12,7054038.197,67
2023-12-13,7080302.671,65
2023-12-14,7080356.654,72
2023-12-15,7080442.746,70
2023-12-16,7080442.746,67
2023-12-17,7080442.746,73
2023-12-18,7080401.296,65
2023-12-19,7080352.918,73
2023-12-20,6991087.857,74
2023-12-21,6991088.598,70
2023-12-22,6991094.742,74
2023-12-23,6991094.742,70
2023-12-24,6991094.742,71
2023-12-25,6991094.742,73
2023-12-26,6991073.063,71
2023-12-27,6980557.131,73
2023-12-28,6980546.427,73
2023-12-29,6980357.517,65
2023-12-30,6980357.517,68
2023-12-31,6980357.517,67
2024-01-01,6980357.517,65
2024-01-02,6980671.136,71
2024-01-03,6921856.103,70
2024-01-04,6921911.101,68
2024-01-05,6921881.522,72
2024-01-06,6921881.522,70
2024-01-07,6921881.522,71
2024-01-08,6921884.515,71
2024-01-09,6921899.95,76
2024-01-10,6938465.039,73
2024-01-11,6938518.63,76
2024-01-12,6938541.884,71
2024-01-13,6938541.884,64
2024-01-14,6938541.884,60
2024-01-15,6938541.884,52
2024-01-16,6938561.897,64
2024-01-17,6924267.809,60
2024-01-18,6924239.766,63
2024-01-19,6924232.818,51
2024-01-20,6924232.818,52
2024-01-21,6924232.818,56
2024-01-22,6924210.897,55
2024-01-23,6924236.805,50
2024-01-24,6877232.44,48
2024-01-25,6877314.313,52
2024-01-26,6877301.172,49
2024-01-27,6877301.172,55
2024-01-28,6877301.172,54
2024-01-29,6877290.59,55
2024-01-30,6877294.245,61
2024-01-31,6787958.621,60
2024-02-01,6788070.452,63
2024-02-02,6788060.578,63
2024-02-03,6788060.578,60
2024-02-04,6788060.578,60
2024-02-05,6788021.711,60
2024-02-06,6788041.561,64
2024-02-07,6828611.945,62
2024-02-08,6828629.295,66
2024-02-09,6828595.825,72
2024-02-10,6828595.825,74
2024-02-11,6828595.825,71
2024-02-12,6828583.432,70
2024-02-13,6828611.316,79
2024-02-14,6795293.668,74
2024-02-15,6795375.9350000005,72
2024-02-16,6795336.875,72
2024-02-17,6795336.875,76
2024-02-18,6795336.875,72
2024-02-19,6795336.875,75
2024-02-20,6795338.121,72
2024-02-21,6795643.118,78
2024-02-22,6795664.755,74
2024-02-23,6795697.893,76
2024-02-24,6795697.893,72
2024-02-25,6795697.893,74
2024-02-26,6795693.041,72
2024-02-27,6795698.275,79
2024-02-28,6781416.145,82
2024-02-29,6781483.926,80
2024-03-01,6781544.735,80
2024-03-02,6781544.735,80
2024-03-03,6781544.735,83
2024-03-04,6781546.207,82
2024-03-05,6781541.526,90
2024-03-06,6770667.153,75
2024-03-07,6770687.246,82
2024-03-08,6770679.197,81
2024-03-09,6770679.197,84
2024-03-10,6770679.197,79
2024-03-11,6770645.272,82
2024-03-12,6770647.138,81
2024-03-13,6773078.262,81
2024-03-14,6773116.427,88
2024-03-15,6773186.123,83
2024-03-16,6773186.123,81
2024-03-17,6773186.123,79
2024-03-18,6773159.404,77
2024-03-19,6773153.022,79
2024-03-20,6704553.755,74
2024-03-21,6704589.369,78
2024-03-22,6704571.4690000005,75
2024-03-23,6704571.4690000005,73
2024-03-24,6704571.4690000005,74
2024-03-25,6704576.213,75
2024-03-26,6704553.938,81
2024-03-27,6681987.643,83
2024-03-28,6681911.572,80
2024-03-29,6681911.572,79
2024-03-30,6681911.572,75
2024-03-31,6681911.572,75
2024-04-01,6682064.097,79
2024-04-02,6682057.576,79
2024-04-03,6670470.369,71
2024-04-04,6670468.236,70
2024-04-05,6670468.681,79
2024-04-06,6670468.681,75
2024-04-07,6670468.681,78
2024-04-08,6670458.403,76
2024-04-09,6670465.208,80
2024-04-10,6732759.184,78
2024-04-11,6732749.639,76
2024-04-12,6732797.678,79
2024-04-13,6732797.678,72
2024-04-14,6732797.678,72
2024-04-15,6732877.934,74
2024-04-16,6732833.446,65
2024-04-17,6608530.492,67
2024-04-18,6608537.994,57
2024-04-19,6608573.766,66
2024-04-20,6608573.766,66
2024-04-21,6608573.766,72
2024-04-22,6608561.184,73
2024-04-23,6608535.12,71
2024-04-24,6460562.785,72
2024-04-25,6460560.072,72
2024-04-26,6460539.088,70
2024-04-27,6460539.088,67
2024-04-28,6460539.088,65
2024-04-29,6460498.47,67
2024-04-30,6460469.766,67
2024-05-01,6444858.852,54
2024-05-02,6444868.32,43
2024-05-03,6444846.835,48
2024-05-04,6444846.835,67
2024-05-05,6444846.835,69
2024-05-06,6444828.03,71
2024-05-07,6444821.675,68
2024-05-08,6501323.573,64
2024-05-09,6501358.45,55
2024-05-10,6501330.566,66
2024-05-11,6501330.566,53
2024-05-12,6501330.566,56
2024-05-13,6501324.932,57
2024-05-14,6501348.656,66
2024-05-15,6516695.221,64
2024-05-16,6516728.879,70
2024-05-17,6516689.627,74
2024-05-18,6516689.627,73
2024-05-19,6516689.627,72
2024-05-20,6516649.272,70
2024-05-21,6516647.28,76
2024-05-22,6573693.618,76
2024-05-23,6573722.602,76
2024-05-24,6573758.761,74
2024-05-25,6573758.761,76
2024-05-26,6573758.761,75
2024-05-27,6573758.761,74
2024-05-28,6573772.164,72
2024-05-29,6579524.686,72
2024-05-30,6579531.966,73
2024-05-31,6579544.194,73
2024-06-01,6579544.194,72
2024-06-02,6579544.194,73
2024-06-03,6579596.931,73
2024-06-04,6579606.175,73
2024-06-05,6545006.159,75
2024-06-06,6544999.875,78
2024-06-07,6544982.538,77
2024-06-08,6544982.538,72
2024-06-09,6544982.538,75
2024-06-10,6544961.519,72
2024-06-11,6544967.551,74
2024-06-12,6584953.426,72
2024-06-13,6584971.136,70
2024-06-14,6585014.115,74
2024-06-15,6585014.115,74
2024-06-16,6585014.115,71
2024-06-17,6585067.571,71
2024-06-18,6585025.458,74
2024-06-19,6528756.458,64
2024-06-20,6528743.159,60
2024-06-21,6528710.96,63
2024-06-22,6528710.96,53
2024-06-23,6528710.96,55
2024-06-24,6528696.084,51
2024-06-25,6528665.69,30
2024-06-26,6465255.8440000005,46
2024-06-27,6465214.308,40
2024-06-28,6465081.43,47
2024-06-29,6465081.43,30
2024-06-30,6465081.43,47
2024-07-01,6465294.217,53
2024-07-02,6465302.631,51
2024-07-03,6459721.102,50
2024-07-04,6459721.102,44
2024-07-05,6459756.368,29
2024-07-06,6459756.368,26
2024-07-07,6459756.368,29
2024-07-08,6459731.743,28
2024-07-09,6459723.848,27
2024-07-10,6487254.853,28
2024-07-11,6487273.292,29
2024-07-12,6487270.41,25
2024-07-13,6487270.41,25
2024-07-14,6487270.41,33
2024-07-15,6487263.72,52
2024-07-16,6487267.406,65
2024-07-17,6456254.599,69
2024-07-18,6456262.348,61
2024-07-19,6456274.199,60
2024-07-20,6456274.199,74
2024-07-21,6456274.199,74
2024-07-22,6456258.099,70
2024-07-23,6456264.163,71
2024-07-24,6430740.879,69
2024-07-25,6430762.567,68
2024-07-26,6430758.743,68
2024-07-27,6430758.743,72
2024-07-28,6430758.743,71
2024-07-29,6430754.7190000005,74
2024-07-30,6430772.946,67
2024-07-31,6391491.8,61
2024-08-01,6391556.115,52
2024-08-02,6391566.527,57
2024-08-03,6391566.527,37
2024-08-04,6391566.527,34
2024-08-05,6391588.754,26
2024-08-06,6391613.042,17
2024-08-07,6404038.34,29
2024-08-08,6404021.841,20
2024-08-09,6404012.802,48
2024-08-10,6404012.802,40
2024-08-11,6404012.802,39
2024-08-12,6403996.359,25
2024-08-13,6404000.506,31
2024-08-14,6383239.528,30
2024-08-15,6383260.859,29
2024-08-16,6383237.683,27
2024-08-17,6383237.683,25
2024-08-18,6383237.683,31
2024-08-19,6383234.417,28
2024-08-20,6383257.181,30
2024-08-21,6403136.671,26
2024-08-22,6403141.223,39
2024-08-23,6403145.104,34
2024-08-24,6403145.104,56
2024-08-25,6403145.104,54
2024-08-26,6403104.443,55
2024-08-27,6403113.955,48
2024-08-28,6376998.11,30
2024-08-29,6377003.566,29
2024-08-30,6376953.87,34
2024-08-31,6376953.87,29
2024-09-01,6376953.87,26
2024-09-02,6376953.87,26
2024-09-03,6377037.192,26
2024-09-04,6378270.688,27
2024-09-05,6378316.909,29
2024-09-06,6378308.729,22
2024-09-07,6378308.729,23
2024-09-08,6378308.729,29
2024-09-09,6378315.842,26
2024-09-10,6378326.608,33
2024-09-11,6358763.785,37
2024-09-12,6358748.536,31
2024-09-13,6358758.049,32
2024-09-14,6358758.049,50
2024-09-15,6358758.049,51
2024-09-16,6358803.614,39
2024-09-17,6358786.663,33
2024-09-18,6337637.169,45
2024-09-19,6337631.223,49
2024-09-20,6337603.684,54
2024-09-21,6337603.684,54
2024-09-22,6337603.684,52
2024-09-23,6337562.6280000005,50
2024-09-24,6337554.023,54
2024-09-25,6272871.807,59
2024-09-26,6272863.084,50
2024-09-27,6272851.482,61
2024-09-28,6272851.482,64
2024-09-29,6272851.482,63
2024-09-30,6272822.362,61
2024-10-01,6272912.779,50
2024-10-02,6248264.602,42
2024-10-03,6248306.752,37
2024-10-04,6248317.988,41
2024-10-05,6248317.988,49
2024-10-06,6248317.988,50
2024-10-07,6248325.052,50
2024-10-08,6248322.645,49
2024-10-09,6244381.552,49
2024-10-10,6244402.413,39
2024-10-11,6244393.265,32
2024-10-12,6244393.265,49
2024-10-13,6244393.265,50
2024-10-14,6244393.265,48
2024-10-15,6244438.602,65
2024-10-16,6247219.972,73
2024-10-17,6247229.79,71
2024-10-18,6247232.108,73
2024-10-19,6247232.108,72
2024-10-20,6247232.108,73
2024-10-21,6247230.956,72
2024-10-22,6247254.24,70
2024-10-23,6199146.161,71
2024-10-24,6199214.202,69
2024-10-25,6199190.0,72
2024-10-27,6199190.0,74
2024-10-28,6199165.968,72
2024-10-29,6199172.159,72
2024-10-30,6178024.054,77
2024-10-31,6178051.722,77
2024-11-01,6178097.524,75
2024-11-02,6178097.524,72
2024-11-03,6178097.524,74
2024-11-04,6178081.115,70
2024-11-05,6178108.757,70
2024-11-06,6152070.129,70
2024-11-07,6152088.998,77
2024-11-08,6152084.379,75
2024-11-09,6152084.379,75
2024-11-10,6152084.379,78
2024-11-11,6152084.379,76
2024-11-12,6152069.186,80
2024-11-13,6134683.894,84
2024-11-14,6134707.491,88
2024-11-15,6134749.6,80
2024-11-16,6134749.6,86
2024-11-17,6134749.6,90
2024-11-18,6134721.97,83
2024-11-19,6134721.336,90
2024-11-20,6171640.207,83
2024-11-21,6171669.433,82
2024-11-22,6171653.746,94
2024-11-23,6171653.746,93
2024-11-24,6171653.746,80
2024-11-25,6171671.251,82
2024-11-26,6171709.177,79
2024-11-27,6129720.1850000005,75
2024-11-28,6129720.1850000005,77
2024-11-29,6129692.373,78
2024-11-30,6129692.373,84
2024-12-01,6129692.373,81
2024-12-02,6129754.142,80
2024-12-03,6129728.428,76
2024-12-04,6106148.134,78
2024-12-05,6106179.036,84
2024-12-06,6106180.986,72
2024-12-07,6106180.986,75
2024-12-08,6106180.986,79
2024-12-09,6106157.971,78
2024-12-10,6106136.158,78
2024-12-11,6122237.88,74
2024-12-12,6122252.975,83
2024-12-13,6122282.223,76
2024-12-14,6122282.223,83
2024-12-15,6122282.223,80
2024-12-16,6122307.247,83
2024-12-17,6122299.907,87
2024-12-18,6121268.349,81
2024-12-19,6121287.583,75
2024-12-20,6121301.644,74
2024-12-21,6121301.644,73
2024-12-22,6121301.644,73
2024-12-23,6121283.996,70
2024-12-24,6121219.011,73
2024-12-25,6121012.011,73
2024-12-26,6120996.182,79
2024-12-27,6120924.261,74
2024-12-28,6120924.261,72
2024-12-29,6120924.261,73
2024-12-30,6120932.257,65
2024-12-31,6120719.54,64
2025-01-01,6132144.54,66
2025-01-02,6132378.142,70
2025-01-03,6132380.623,74
2025-01-04,6132380.623,73
2025-01-05,6132380.623,72
2025-01-06,6132386.074,76
2025-01-07,6132409.704,78
2025-01-08,6200732.856,70
2025-01-09,6200749.775,69
2025-01-10,6200739.2,50
2025-01-11,6200739.2,69
2025-01-12,6200739.2,62
2025-01-13,6200734.331,61
2025-01-14,6200757.781,63
2025-01-15,6192725.023,70
2025-01-16,6192750.511,75
2025-01-17,6192726.673,75
2025-01-18,6192726.673,77
2025-01-19,6192726.673,77
2025-01-20,6192726.673,76
2025-01-21,6192748.985,76
2025-01-22,6154354.019,84
2025-01-23,6154345.9690000005,75
2025-01-24,6154373.028,75
2025-01-25,6154373.028,75
2025-01-26,6154373.028,73
2025-01-27,6154385.137,71
2025-01-28,6154365.24,72
2025-01-29,6033858.158,72
2025-01-30,6033854.035,70
2025-01-31,6033792.087,76
2025-02-01,6033792.087,68
2025-02-02,6033792.087,60
2025-02-03,6033882.2190000005,44
2025-02-04,6033894.346,72
2025-02-05,6005263.212,54
2025-02-06,6005262.017,49
2025-02-07,6005246.752,44
2025-02-08,6005246.752,44
2025-02-09,6005246.752,46
2025-02-10,6005242.347,43
2025-02-11,6005265.554,47
2025-02-12,5985343.33,46
2025-02-13,5985343.18,50
2025-02-14,5985352.23,48
2025-02-15,5985352.23,50
2025-02-16,5985352.23,54
2025-02-17,5985352.23,51
2025-02-18,5985333.183,47
2025-02-19,5992196.804,44
2025-02-20,5992206.793,49
2025-02-21,5992201.017,55
2025-02-22,5992201.017,49
2025-02-23,5992201.017,50
2025-02-24,5992193.182,49
2025-02-25,5992174.0,25
2025-02-26,6084813.942,21
2025-02-27,6084757.852,10
2025-02-28,6084705.578,16
2025-03-01,6084705.578,20
2025-03-02,6084705.578,26
2025-03-03,6084820.013,33
2025-03-04,6084804.743,15
2025-03-05,6208293.507,20
2025-03-06,6208303.731,25
2025-03-07,6208296.695,34
2025-03-08,6208296.695,28
2025-03-09,6208296.695,27
2025-03-10,6208303.946,20
2025-03-11,6208295.69,24
2025-03-12,6246858.945,34
2025-03-13,6246876.565,45
2025-03-14,6246863.766,27
2025-03-15,6246863.766,46
2025-03-16,6246863.766,30
2025-03-17,6246900.504,32
2025-03-18,6246840.497,34
2025-03-19,6319852.622,32
2025-03-20,6319853.36,49
2025-03-21,6319845.15,31
2025-03-22,6319845.15,32
2025-03-23,6319845.15,30
2025-03-24,6319849.435,45
2025-03-25,6319831.214,46
2025-03-26,6379834.629,47
2025-03-27,6379784.215,40
2025-03-28,6379789.425,44
2025-03-29,6379789.425,26
2025-03-30,6379789.425,32
2025-03-31,6379676.833,34
2025-04-01,6379845.937,34
2025-04-02,6409892.512,44
2025-04-03,6409929.735,25
2025-04-04,6409941.501,28
2025-04-05,6409941.501,30
2025-04-06,6409941.501,34
2025-04-07,6409977.854,23
2025-04-08,6409969.089,24
2025-04-09,6421198.885,18
2025-04-10,6421237.05,39
2025-04-11,6421268.469,25
2025-04-12,6421268.469,43
2025-04-13,6421268.469,45
2025-04-14,6421264.1620000005,31
2025-04-15,6421278.122,38
2025-04-16,6304075.228,29
2025-04-17,6304071.4,30
2025-04-18,6304071.4,33
2025-04-19,6304071.4,32
2025-04-20,6304071.4,37
2025-04-21,6304015.886,39
2025-04-22,6303992.049,47
2025-04-23,6120126.22,72
2025-04-24,6120167.996,63
2025-04-25,6120203.979,60
2025-04-26,6120203.979,65
2025-04-27,6120203.979,61
2025-04-28,6120149.351,54
2025-04-29,6120140.463,60
2025-04-30,6113285.399,56
2025-05-01,6113378.647,53
2025-05-02,6113388.118,67
2025-05-03,6113388.118,65
2025-05-04,6113388.118,64
2025-05-05,6113411.3100000005,52
2025-05-06,6113406.142,59
2025-05-07,6127007.141,67
2025-05-08,6127022.232,65
2025-05-09,6127019.728,73
2025-05-10,6127019.728,70
2025-05-11,6127019.728,70
2025-05-12,6127014.495,70
2025-05-13,6127017.786,70
2025-05-14,6137258.976,73
2025-05-15,6137314.564,70
2025-05-16,6137287.201,71
2025-05-17,6137287.201,74
2025-05-18,6137287.201,74
2025-05-19,6137243.583,74
2025-05-20,6137287.967,71
2025-05-21,6185508.198,70
2025-05-22,6185497.982,72
2025-05-23,6185516.159,78
2025-05-24,6185516.159,66
2025-05-25,6185516.159,74
2025-05-26,6185516.159,73
2025-05-27,6185532.934,74
2025-05-28,6205866.359,71
2025-05-29,6205874.34,74
2025-05-30,6205724.343,60
2025-05-31,6205724.343,50
2025-06-01,6205724.343,56
2025-06-02,6205904.159,64
2025-06-03,6205886.823,64
2025-06-04,6293769.118,62
2025-06-05,6293785.273,57
2025-06-06,6293788.716,45
2025-06-07,6293788.716,52
2025-06-08,6293788.716,62
2025-06-09,6293758.685,62
2025-06-10,6293755.275,71
2025-06-11,6344043.375,72
2025-06-12,6344066.583,71
2025-06-13,6344079.355,61
2025-06-14,6344079.355,63
2025-06-15,6344079.355,60
2025-06-16,6344107.241,61
2025-06-17,6344079.061,68
2025-06-18,6343088.95,52
2025-06-19,6343088.95,57
2025-06-20,6343155.717,54
2025-06-21,6343155.717,49
2025-06-22,6343155.717,42
2025-06-23,6343128.681,47
2025-06-24,6343106.633,65
2025-06-25,6297614.121,66
2025-06-26,6297572.568,74
2025-06-27,6297539.258,65
2025-06-28,6297539.258,65
2025-06-29,6297539.258,68
2025-06-30,6297364.269,66
2025-07-01,6297579.47,64
2025-07-02,6299844.693,63
2025-07-03,6299867.335,73
2025-07-04,6299867.335,73
2025-07-05,6299867.335,67
2025-07-06,6299867.335,66
2025-07-07,6299863.97,73
2025-07-08,6299862.585,65
2025-07-09,6341795.727,66
2025-07-10,6341839.661,71
2025-07-11,6341841.363,71
2025-07-12,6341841.363,79
2025-07-13,6341841.363,74
2025-07-14,6341805.159,74
2025-07-15,6341824.723,73
2025-07-16,6362828.914,70
2025-07-17,6362832.34,74
2025-07-18,6362826.702,73
2025-07-19,6362826.702,74
2025-07-20,6362826.702,72
2025-07-21,6362812.334,71
2025-07-22,6362829.626,72
2025-07-23,6334349.368,74
2025-07-24,6334406.814,71
2025-07-25,6334388.491,70
2025-07-26,6334388.491,72
2025-07-27,6334388.491,73
2025-07-28,6334368.5370000005,75
2025-07-29,6334367.982,73
2025-07-30,6271915.519,74
2025-07-31,6271856.555,72
2025-08-01,6271973.574,65
2025-08-02,6271973.574,55
2025-08-03,6271973.574,53
2025-08-04,6271945.27,64
2025-08-05,6271986.644,60
2025-08-06,6219708.034,54
2025-08-07,6219722.039,62
2025-08-08,6219719.697,74
2025-08-09,6219719.697,67
2025-08-10,6219719.697,69
2025-08-11,6219717.786,70
2025-08-12,6219742.508,68
2025-08-13,6139253.798,73
2025-08-14,6139282.182,75
2025-08-15,6139277.243,60
2025-08-16,6139277.243,56
2025-08-17,6139277.243,64
2025-08-18,6139272.76,60
2025-08-19,6139288.656,56
2025-08-20,6098846.001,44
2025-08-21,6098855.642,50
2025-08-22,6098844.725,50
2025-08-23,6098844.725,60
2025-08-24,6098844.725,53
2025-08-25,6098833.433,47
2025-08-26,6098852.426,48
2025-08-27,6013351.256,51
2025-08-28,6013354.034,48
2025-08-29,6013308.102,50
2025-08-30,6013308.102,39
2025-08-31,6013308.102,48
2025-09-01,6013308.102,46
2025-09-02,6013364.934,49
2025-09-03,6004540.077,55
2025-09-04,6004537.872,51
2025-09-05,6004537.0030000005,48
2025-09-06,6004537.0030000005,48
2025-09-07,6004537.0030000005,44
2025-09-08,6004538.584,51
2025-09-09,6004535.085,48
2025-09-10,5933658.6,49
2025-09-11,5933661.103,54
2025-09-12,5933670.669,57
2025-09-13,5933670.669,52
2025-09-14,5933670.669,55
2025-09-15,5933671.046,53
2025-09-16,5933669.183,52
2025-09-17,5852207.0370000005,53
2025-09-18,5852207.293,52
2025-09-19,5852209.637,53
2025-09-20,5852209.637,48
2025-09-21,5852209.637,49
2025-09-22,5852206.827,45
2025-09-23,5852206.598,43
2025-09-24,5803509.828,44
2025-09-25,5803513.631,44
2025-09-26,5803490.927,28
2025-09-27,5803490.927,33
2025-09-28,5803490.927,37
2025-09-29,5803482.78,50
2025-09-30,5803489.929,50
2025-10-01,5781969.821,49
2025-10-02,5781971.564,64
2025-10-03,5781954.608,63
2025-10-04,5781954.608,71
2025-10-05,5781954.608,74
2025-10-06,5781958.224,71
2025-10-07,5781975.3780000005,70
2025-10-08,5783381.769,60
2025-10-09,5783382.504,70
2025-10-10,5783382.876,64
2025-10-11,5783382.876,27
2025-10-12,5783382.876,24
2025-10-13,5783382.876,38
2025-10-14,5783383.484,38
2025-10-15,5786855.516,34
2025-10-16,5786854.04,28
2025-10-17,5786856.898,22
2025-10-18,5786856.898,23
2025-10-19,5786856.898,29
2025-10-20,5786855.069,29
2025-10-21,5786856.301,34
2025-10-22,5681527.995,25
2025-10-23,5681525.059,27
2025-10-24,5681529.565,30
2025-10-25,5681529.565,37
2025-10-26,5681529.565,40
2025-10-27,5681521.358,51
2025-10-28,5681517.904,50
2025-10-29,5629024.496,51
2025-10-30,5629024.834,34
2025-10-31,5628992.198,29
2025-11-01,5628992.198,33
2025-11-02,5628992.198,37
2025-11-03,5629020.208,42
2025-11-04,5629027.017,21
2025-11-05,5631740.186,23
2025-11-06,5631742.246,27
2025-11-07,5631748.097,24
2025-11-08,5631748.097,20
2025-11-09,5631748.097,22
2025-11-10,5631745.848,29
2025-11-11,5631745.848,26
2025-11-12,5626640.114,24
2025-11-13,5626642.239,15
2025-11-14,5626644.441,16
2025-11-15,5626644.441,10
2025-11-16,5626644.441,10
2025-11-17,5626642.828,14
2025-11-18,5626645.095,11
2025-11-19,5613355.871,15
2025-11-20,5613350.48,11
2025-11-21,5613354.497,14
2025-11-22,5613354.497,11
2025-11-23,5613354.497,13
2025-11-24,5613355.923,19
2025-11-25,5613354.686,20
2025-11-26,5649022.783,15
2025-11-27,5649022.783,22
2025-11-28,5649017.439,25
2025-11-29,5649017.439,28
2025-11-30,5649017.439,28
2025-12-01,5649021.76,24
2025-12-02,5649019.38,23
2025-12-03,5598611.486,28
2025-12-04,5598611.767,26
2025-12-05,5598612.515,28
2025-12-06,5598612.515,23
2025-12-07,5598612.515,20
2025-12-08,5598612.297,20
2025-12-09,5598610.789,22
2025-12-10,5680351.955,26
2025-12-11,5680354.126,29
2025-12-12,5680356.1620000005,29
2025-12-13,5680356.1620000005,23
2025-12-14,5680356.1620000005,21
2025-12-15,5680354.399,16
2025-12-16,5680355.446,11
2025-12-17,5723757.639,16
2025-12-18,5723756.292,17
2025-12-19,5723764.953,16
2025-12-20,5723764.953,20
2025-12-21,5723764.953,20
2025-12-22,5723766.477,25
2025-12-23,5723762.107,24
2025-12-24,5744106.197,24
2025-12-25,5744106.197,23
2025-12-26,5744090.661,20
2025-12-27,5744090.661,23
2025-12-28,5744090.661,24
2025-12-29,5744100.449,24
2025-12-30,5744098.395,23
2025-12-31,5803206.007,21
2026-01-01,5803206.007,20
2026-01-02,5803306.333,28
2026-01-03,5803306.333,29
2026-01-04,5803306.333,25
2026-01-05,5803305.515,26
2026-01-06,5803309.418,44
2026-01-07,5777449.418,42
2026-01-08,5777450.917,28
2026-01-09,5777450.72,27
2026-01-10,5777450.72,25
2026-01-11,5777450.72,29
2026-01-12,5777450.598,27
2026-01-13,5777450.723,26
2026-01-14,5802521.777,48
2026-01-15,5802522.997,61
2026-01-16,5802523.778,49
2026-01-17,5802523.778,50
2026-01-18,5802523.778,49
2026-01-19,5802523.778,44
2026-01-20,5802521.494,32
2026-01-21,5715315.656,24
2026-01-22,5715316.942,20
2026-01-23,5715318.073,24
2026-01-24,5715318.073,25
2026-01-25,5715318.073,25
2026-01-26,5715317.511,20
2026-01-27,5715317.747,29
2026-01-28,5664524.897,29
2026-01-29,5664523.148,26
2026-01-30,5664516.371,16
2026-01-31,5664516.371,20
2026-02-01,5664516.371,14
2026-02-02,5664515.585,14
2026-02-03,5664524.215,17
2026-02-04,5697133.586,14
2026-02-05,5697134.252,12
2026-02-06,5697132.889,9
2026-02-07,5697132.889,6
2026-02-08,5697132.889,7
2026-02-09,5697134.694,14
2026-02-10,5697134.553,9
2026-02-11,5707074.952,11
2026-02-12,5707073.156,5
2026-02-13,5707075.623,9
2026-02-14,5707075.623,9
2026-02-15,5707075.623,8
2026-02-16,5707075.623,12
2026-02-17,5707075.559,10
2026-02-18,5700667.144,8
2026-02-19,5700667.368,9
2026-02-20,5700667.504,7
2026-02-21,5700667.504,8
2026-02-22,5700667.504,9
2026-02-23,5700667.123,5
2026-02-24,5700667.083,8
2026-02-25,5726183.841,11
2026-02-26,5726181.204,11
2026-02-27,5726168.682,13
