date,fed_total_assets,tga,rrp,fed_net_liquidity
2020-01-02,4173626.0,382553.0,3.1,3791069.9
2020-01-03,4173626.0,382553.0,4.251,3791068.749
2020-01-06,4173626.0,382553.0,3.825,3791069.175
2020-01-07,4173626.0,382553.0,1.602,3791071.398
2020-01-08,4149544.0,367002.0,0.876,3782541.124
2020-01-09,4149544.0,367002.0,0.401,3782541.599
2020-01-10,4149544.0,367002.0,0.627,3782541.373
2020-01-13,4149544.0,367002.0,1.0,3782541.0
2020-01-14,4149544.0,367002.0,0.656,3782541.344
2020-01-15,4175850.0,350987.0,0.675,3824862.325
2020-01-16,4175850.0,350987.0,0.3,3824862.7
2020-01-17,4175850.0,350987.0,16.15,3824846.85
2020-01-21,4175850.0,350987.0,13.381,3824849.619
2020-01-22,4145912.0,403941.0,15.604,3741955.396
2020-01-23,4145912.0,403941.0,12.904,3741958.096
2020-01-24,4145912.0,403941.0,0.0,3741971.0
2020-01-27,4145912.0,403941.0,0.002,3741970.998
2020-01-28,4145912.0,403941.0,0.002,3741970.998
2020-01-29,4151630.0,432061.0,0.3,3719568.7
2020-01-30,4151630.0,432061.0,4.14,3719564.86
2020-01-31,4151630.0,432061.0,4.5,3719564.5
2020-02-03,4151630.0,432061.0,6.16,3719562.84
2020-02-04,4151630.0,432061.0,2.112,3719566.888
2020-02-05,4166707.0,413322.0,4.112,3753380.888
2020-02-06,4166707.0,413322.0,0.403,3753384.597
2020-02-07,4166707.0,413322.0,1.1,3753383.9
2020-02-10,4166707.0,413322.0,0.83,3753384.17
2020-02-11,4166707.0,413322.0,0.228,3753384.772
2020-02-12,4182689.0,411237.0,0.309,3771451.691
2020-02-13,4182689.0,411237.0,0.45,3771451.55
2020-02-14,4182689.0,411237.0,0.0,3771452.0
2020-02-18,4182689.0,411237.0,9.454,3771442.546
2020-02-19,4171570.0,428805.0,0.095,3742764.9050000003
2020-02-20,4171570.0,428805.0,3.6,3742761.4
2020-02-21,4171570.0,428805.0,4.532,3742760.468
2020-02-24,4171570.0,428805.0,0.592,3742764.408
2020-02-25,4171570.0,428805.0,0.111,3742764.889
2020-02-26,4158637.0,439365.0,2.3,3719269.7
2020-02-27,4158637.0,439365.0,0.275,3719271.725
2020-02-28,4158637.0,439365.0,2.187,3719269.813
2020-03-02,4158637.0,439365.0,2.525,3719269.475
2020-03-03,4158637.0,439365.0,0.627,3719271.373
2020-03-04,4241507.0,374515.0,5.025,3866986.975
2020-03-05,4241507.0,374515.0,0.85,3866991.15
2020-03-06,4241507.0,374515.0,2.93,3866989.07
2020-03-09,4241507.0,374515.0,2.504,3866989.496
2020-03-10,4241507.0,374515.0,0.151,3866991.849
2020-03-11,4311911.0,380556.0,1.325,3931353.675
2020-03-12,4311911.0,380556.0,21.05,3931333.95
2020-03-13,4311911.0,380556.0,15.1,3931339.9
2020-03-16,4311911.0,380556.0,1.425,3931353.575
2020-03-17,4311911.0,380556.0,5.7,3931349.3
2020-03-18,4668212.0,362576.0,0.477,4305635.523
2020-03-19,4668212.0,362576.0,1.195,4305634.805
2020-03-20,4668212.0,362576.0,12.203,4305623.797
2020-03-23,4668212.0,362576.0,26.944,4305609.056
2020-03-24,4668212.0,362576.0,41.516,4305594.484
2020-03-25,5254278.0,390252.0,97.411,4863928.589
2020-03-26,5254278.0,390252.0,138.48,4863887.52
2020-03-27,5254278.0,390252.0,210.794,4863815.206
2020-03-30,5254278.0,390252.0,237.497,4863788.5030000005
2020-03-31,5254278.0,390252.0,284.908,4863741.092
2020-04-01,5811607.0,429267.0,207.828,5382132.172
2020-04-02,5811607.0,429267.0,182.627,5382157.373
2020-04-03,5811607.0,429267.0,148.117,5382191.883
2020-04-06,5811607.0,429267.0,144.294,5382195.706
2020-04-07,5811607.0,429267.0,88.36,5382251.64
2020-04-08,6083141.0,698578.0,53.483,5384509.517
2020-04-09,6083141.0,698578.0,5.525,5384557.475
2020-04-13,6083141.0,698578.0,6.1,5384556.9
2020-04-14,6083141.0,698578.0,9.9,5384553.1
2020-04-15,6367887.0,889815.0,3.15,5478068.85
2020-04-16,6367887.0,889815.0,1.525,5478070.475
2020-04-17,6367887.0,889815.0,1.726,5478070.274
2020-04-20,6367887.0,889815.0,31.0,5478041.0
2020-04-21,6367887.0,889815.0,12.528,5478059.472
2020-04-22,6573136.0,901331.0,10.825,5671794.175
2020-04-23,6573136.0,901331.0,1.45,5671803.55
2020-04-24,6573136.0,901331.0,1.5,5671803.5
2020-04-27,6573136.0,901331.0,16.476,5671788.524
2020-04-28,6573136.0,901331.0,7.131,5671797.869
2020-04-29,6655929.0,997507.0,1.45,5658420.55
2020-04-30,6655929.0,997507.0,1.775,5658420.225
2020-05-01,6655929.0,997507.0,0.251,5658421.749
2020-05-04,6655929.0,997507.0,4.85,5658417.15
2020-05-05,6655929.0,997507.0,1.925,5658420.075
2020-05-06,6721420.0,1127490.0,1.175,5593928.825
2020-05-07,6721420.0,1127490.0,0.982,5593929.018
2020-05-08,6721420.0,1127490.0,0.68,5593929.32
2020-05-11,6721420.0,1127490.0,0.123,5593929.877
2020-05-12,6721420.0,1127490.0,0.825,5593929.175
2020-05-13,6934227.0,1177494.0,13.825,5756719.175
2020-05-14,6934227.0,1177494.0,0.133,5756732.867000001
2020-05-15,6934227.0,1177494.0,1.15,5756731.85
2020-05-18,6934227.0,1177494.0,0.578,5756732.422
2020-05-19,6934227.0,1177494.0,0.09,5756732.91
2020-05-20,7037258.0,1194410.0,9.726,5842838.274
2020-05-21,7037258.0,1194410.0,0.003,5842847.9969999995
2020-05-22,7037258.0,1194410.0,0.001,5842847.999
2020-05-26,7037258.0,1194410.0,0.001,5842847.999
2020-05-27,7097316.0,1310491.0,4.326,5786820.674000001
2020-05-28,7097316.0,1310491.0,0.0,5786825.0
2020-05-29,7097316.0,1310491.0,1.325,5786823.675
2020-06-01,7097316.0,1310491.0,0.0,5786825.0
2020-06-02,7097316.0,1310491.0,2.013,5786822.987
2020-06-03,7165217.0,1434823.0,0.013,5730393.987
2020-06-04,7165217.0,1434823.0,0.0,5730394.0
2020-06-05,7165217.0,1434823.0,0.0,5730394.0
2020-06-08,7165217.0,1434823.0,0.0,5730394.0
2020-06-09,7165217.0,1434823.0,1.252,5730392.748
2020-06-10,7168936.0,1506558.0,0.012,5662377.988
2020-06-11,7168936.0,1506558.0,0.375,5662377.625
2020-06-12,7168936.0,1506558.0,0.0,5662378.0
2020-06-15,7168936.0,1506558.0,0.003,5662377.9969999995
2020-06-16,7168936.0,1506558.0,4.0,5662374.0
2020-06-17,7094690.0,1560850.0,0.001,5533839.999
2020-06-18,7094690.0,1560850.0,0.001,5533839.999
2020-06-19,7094690.0,1560850.0,0.001,5533839.999
2020-06-22,7094690.0,1560850.0,0.01,5533839.99
2020-06-23,7094690.0,1560850.0,0.011,5533839.989
2020-06-24,7082302.0,1623942.0,0.001,5458359.999
2020-06-25,7082302.0,1623942.0,0.001,5458359.999
2020-06-26,7082302.0,1623942.0,0.2,5458359.8
2020-06-29,7082302.0,1623942.0,0.25,5458359.75
2020-06-30,7082302.0,1623942.0,0.95,5458359.05
2020-07-01,7009040.0,1657620.0,0.002,5351419.998
2020-07-02,7009040.0,1657620.0,0.0,5351420.0
2020-07-06,7009040.0,1657620.0,0.0,5351420.0
2020-07-07,7009040.0,1657620.0,0.003,5351419.9969999995
2020-07-08,6920716.0,1653098.0,0.001,5267617.999
2020-07-09,6920716.0,1653098.0,0.0,5267618.0
2020-07-10,6920716.0,1653098.0,0.0,5267618.0
2020-07-13,6920716.0,1653098.0,0.001,5267617.999
2020-07-14,6920716.0,1653098.0,0.001,5267617.999
2020-07-15,6958604.0,1655320.0,0.001,5303283.999
2020-07-16,6958604.0,1655320.0,0.001,5303283.999
2020-07-17,6958604.0,1655320.0,0.0,5303284.0
2020-07-20,6958604.0,1655320.0,0.003,5303283.9969999995
2020-07-21,6958604.0,1655320.0,0.0,5303284.0
2020-07-22,6964755.0,1804944.0,0.0,5159811.0
2020-07-23,6964755.0,1804944.0,0.0,5159811.0
2020-07-24,6964755.0,1804944.0,0.0,5159811.0
2020-07-27,6964755.0,1804944.0,0.0,5159811.0
2020-07-28,6964755.0,1804944.0,0.0,5159811.0
2020-07-29,6949032.0,1816687.0,0.001,5132344.999
2020-07-30,6949032.0,1816687.0,0.307,5132344.693
2020-07-31,6949032.0,1816687.0,0.15,5132344.85
2020-08-03,6949032.0,1816687.0,0.0,5132345.0
2020-08-04,6949032.0,1816687.0,0.005,5132344.995
2020-08-05,6945237.0,1745228.0,0.0,5200009.0
2020-08-06,6945237.0,1745228.0,0.0,5200009.0
2020-08-07,6945237.0,1745228.0,0.0,5200009.0
2020-08-10,6945237.0,1745228.0,0.008,5200008.992000001
2020-08-11,6945237.0,1745228.0,0.0,5200009.0
2020-08-12,6957277.0,1669733.0,0.103,5287543.897
2020-08-13,6957277.0,1669733.0,0.126,5287543.874
2020-08-14,6957277.0,1669733.0,0.001,5287543.999
2020-08-17,6957277.0,1669733.0,0.054,5287543.946
2020-08-18,6957277.0,1669733.0,0.002,5287543.998
2020-08-19,7010637.0,1643505.0,0.112,5367131.888
2020-08-20,7010637.0,1643505.0,0.15,5367131.85
2020-08-21,7010637.0,1643505.0,0.0,5367132.0
2020-08-24,7010637.0,1643505.0,0.0,5367132.0
2020-08-25,7010637.0,1643505.0,0.012,5367131.988
2020-08-26,6990418.0,1622690.0,0.009,5367727.991
2020-08-27,6990418.0,1622690.0,0.002,5367727.998
2020-08-28,6990418.0,1622690.0,0.0,5367728.0
2020-08-31,6990418.0,1622690.0,0.011,5367727.989
2020-09-01,6990418.0,1622690.0,0.008,5367727.992000001
2020-09-02,7017492.0,1639159.0,0.014,5378332.986
2020-09-03,7017492.0,1639159.0,0.0,5378333.0
2020-09-04,7017492.0,1639159.0,0.0,5378333.0
2020-09-08,7017492.0,1639159.0,0.0,5378333.0
2020-09-09,7010614.0,1611083.0,0.001,5399530.999
2020-09-10,7010614.0,1611083.0,0.01,5399530.99
2020-09-11,7010614.0,1611083.0,0.0,5399531.0
2020-09-14,7010614.0,1611083.0,0.001,5399530.999
2020-09-15,7010614.0,1611083.0,0.002,5399530.998
2020-09-16,7064475.0,1614855.0,0.055,5449619.945
2020-09-17,7064475.0,1614855.0,0.001,5449619.999
2020-09-18,7064475.0,1614855.0,0.0,5449620.0
2020-09-21,7064475.0,1614855.0,0.054,5449619.946
2020-09-22,7064475.0,1614855.0,0.0,5449620.0
2020-09-23,7093161.0,1680688.0,0.001,5412472.999
2020-09-24,7093161.0,1680688.0,0.004,5412472.996
2020-09-25,7093161.0,1680688.0,0.0,5412473.0
2020-09-28,7093161.0,1680688.0,0.0,5412473.0
2020-09-29,7093161.0,1680688.0,1.301,5412471.699
2020-09-30,7056129.0,1679152.0,0.85,5376976.15
2020-10-01,7056129.0,1679152.0,0.001,5376976.999
2020-10-02,7056129.0,1679152.0,0.0,5376977.0
2020-10-05,7056129.0,1679152.0,0.0,5376977.0
2020-10-06,7056129.0,1679152.0,0.0,5376977.0
2020-10-07,7074649.0,1697074.0,0.011,5377574.989
2020-10-08,7074649.0,1697074.0,0.212,5377574.788
2020-10-09,7074649.0,1697074.0,0.0,5377575.0
2020-10-13,7074649.0,1697074.0,0.0,5377575.0
2020-10-14,7151426.0,1680998.0,0.0,5470428.0
2020-10-15,7151426.0,1680998.0,0.001,5470427.999
2020-10-16,7151426.0,1680998.0,0.002,5470427.998
2020-10-19,7151426.0,1680998.0,0.004,5470427.996
2020-10-20,7151426.0,1680998.0,0.007,5470427.993
2020-10-21,7177265.0,1724792.0,0.0,5452473.0
2020-10-22,7177265.0,1724792.0,0.001,5452472.999
2020-10-23,7177265.0,1724792.0,0.0,5452473.0
2020-10-26,7177265.0,1724792.0,0.001,5452472.999
2020-10-27,7177265.0,1724792.0,0.0,5452473.0
2020-10-28,7146306.0,1680933.0,0.005,5465372.995
2020-10-29,7146306.0,1680933.0,0.014,5465372.986
2020-10-30,7146306.0,1680933.0,0.001,5465372.999
2020-11-02,7146306.0,1680933.0,0.0,5465373.0
2020-11-03,7146306.0,1680933.0,0.0,5465373.0
2020-11-04,7157479.0,1621346.0,0.0,5536133.0
2020-11-05,7157479.0,1621346.0,0.0,5536133.0
2020-11-06,7157479.0,1621346.0,0.0,5536133.0
2020-11-09,7157479.0,1621346.0,0.0,5536133.0
2020-11-10,7157479.0,1621346.0,0.0,5536133.0
2020-11-11,7175417.0,1600837.0,0.0,5574580.0
2020-11-12,7175417.0,1600837.0,0.0,5574580.0
2020-11-13,7175417.0,1600837.0,0.003,5574579.9969999995
2020-11-16,7175417.0,1600837.0,0.013,5574579.987
2020-11-17,7175417.0,1600837.0,0.0,5574580.0
2020-11-18,7243080.0,1556892.0,0.103,5686187.897
2020-11-19,7243080.0,1556892.0,2.0,5686186.0
2020-11-20,7243080.0,1556892.0,0.0,5686188.0
2020-11-23,7243080.0,1556892.0,0.485,5686187.515
2020-11-24,7243080.0,1556892.0,0.001,5686187.999
2020-11-25,7216480.0,1517215.0,0.0,5699265.0
2020-11-27,7216480.0,1517215.0,0.0,5699265.0
2020-11-30,7216480.0,1517215.0,0.006,5699264.994
2020-12-01,7216480.0,1517215.0,0.002,5699264.998
2020-12-02,7222414.0,1531053.0,0.001,5691360.999
2020-12-03,7222414.0,1531053.0,0.0,5691361.0
2020-12-04,7222414.0,1531053.0,0.0,5691361.0
2020-12-07,7222414.0,1531053.0,0.001,5691360.999
2020-12-08,7222414.0,1531053.0,0.001,5691360.999
2020-12-09,7242658.0,1534243.0,0.003,5708414.9969999995
2020-12-10,7242658.0,1534243.0,0.001,5708414.999
2020-12-11,7242658.0,1534243.0,0.0,5708415.0
2020-12-14,7242658.0,1534243.0,0.1,5708414.9
2020-12-15,7242658.0,1534243.0,0.001,5708414.999
2020-12-16,7362592.0,1529698.0,0.026,5832893.973999999
2020-12-17,7362592.0,1529698.0,0.014,5832893.986
2020-12-18,7362592.0,1529698.0,0.032,5832893.968
2020-12-21,7362592.0,1529698.0,0.435,5832893.5649999995
2020-12-22,7362592.0,1529698.0,0.406,5832893.5940000005
2020-12-23,7404039.0,1602407.0,0.857,5801631.143
2020-12-24,7404039.0,1602407.0,0.01,5801631.99
2020-12-28,7404039.0,1602407.0,0.901,5801631.098999999
2020-12-29,7404039.0,1602407.0,0.257,5801631.743
2020-12-30,7363351.0,1591055.0,0.652,5772295.348
2020-12-31,7363351.0,1591055.0,9.651,5772286.348999999
2021-01-04,7363351.0,1591055.0,0.001,5772295.999
2021-01-05,7363351.0,1591055.0,0.005,5772295.995
2021-01-06,7334809.0,1669327.0,0.004,5665481.996
2021-01-07,7334809.0,1669327.0,0.001,5665481.999
2021-01-08,7334809.0,1669327.0,0.0,5665482.0
2021-01-11,7334809.0,1669327.0,0.0,5665482.0
2021-01-12,7334809.0,1669327.0,0.0,5665482.0
2021-01-13,7333968.0,1589421.0,0.0,5744547.0
2021-01-14,7333968.0,1589421.0,0.6,5744546.4
2021-01-15,7333968.0,1589421.0,0.0,5744547.0
2021-01-19,7333968.0,1589421.0,0.004,5744546.996
2021-01-20,7414942.0,1626906.0,1.806,5788034.194
2021-01-21,7414942.0,1626906.0,1.201,5788034.799000001
2021-01-22,7414942.0,1626906.0,0.0,5788036.0
2021-01-25,7414942.0,1626906.0,2.2,5788033.8
2021-01-26,7414942.0,1626906.0,1.631,5788034.369
2021-01-27,7404926.0,1633540.0,1.152,5771384.848
2021-01-28,7404926.0,1633540.0,2.655,5771383.345
2021-01-29,7404926.0,1633540.0,7.1,5771378.9
2021-02-01,7404926.0,1633540.0,0.012,5771385.988
2021-02-02,7404926.0,1633540.0,0.011,5771385.989
2021-02-03,7410598.0,1625325.0,0.178,5785272.822
2021-02-04,7410598.0,1625325.0,0.5,5785272.5
2021-02-05,7410598.0,1625325.0,0.01,5785272.99
2021-02-08,7410598.0,1625325.0,0.002,5785272.998
2021-02-09,7410598.0,1625325.0,0.001,5785272.999
2021-02-10,7442225.0,1608906.0,0.0,5833319.0
2021-02-11,7442225.0,1608906.0,0.108,5833318.892
2021-02-12,7442225.0,1608906.0,0.001,5833318.999
2021-02-16,7442225.0,1608906.0,0.004,5833318.996
2021-02-17,7557402.0,1567041.0,0.05,5990360.95
2021-02-18,7557402.0,1567041.0,0.0,5990361.0
2021-02-19,7557402.0,1567041.0,0.002,5990360.998
2021-02-22,7557402.0,1567041.0,1.1,5990359.9
2021-02-23,7557402.0,1567041.0,0.435,5990360.5649999995
2021-02-24,7590111.0,1529977.0,0.001,6060133.999
2021-02-25,7590111.0,1529977.0,9.976,6060124.024
2021-02-26,7590111.0,1529977.0,11.2,6060122.8
2021-03-01,7590111.0,1529977.0,0.0,6060134.0
2021-03-02,7590111.0,1529977.0,0.005,6060133.995
2021-03-03,7557524.0,1429549.0,0.507,6127974.493
2021-03-04,7557524.0,1429549.0,2.1,6127972.9
2021-03-05,7557524.0,1429549.0,1.0,6127974.0
2021-03-08,7557524.0,1429549.0,0.025,6127974.975
2021-03-09,7557524.0,1429549.0,0.0,6127975.0
2021-03-10,7579901.0,1360064.0,0.1,6219836.9
2021-03-11,7579901.0,1360064.0,11.051,6219825.949
2021-03-12,7579901.0,1360064.0,6.8,6219830.2
2021-03-15,7579901.0,1360064.0,0.003,6219836.9969999995
2021-03-16,7579901.0,1360064.0,0.702,6219836.298
2021-03-17,7693506.0,1272583.0,0.0,6420923.0
2021-03-18,7693506.0,1272583.0,26.57,6420896.43
2021-03-19,7693506.0,1272583.0,18.908,6420904.092
2021-03-22,7693506.0,1272583.0,22.242,6420900.757999999
2021-03-23,7693506.0,1272583.0,19.526,6420903.473999999
2021-03-24,7719622.0,1061138.0,21.902,6658462.098
2021-03-25,7719622.0,1061138.0,10.1,6658473.9
2021-03-26,7719622.0,1061138.0,11.45,6658472.55
2021-03-29,7719622.0,1061138.0,40.354,6658443.646
2021-03-30,7719622.0,1061138.0,104.725,6658379.275
2021-03-31,7688988.0,1025727.0,134.307,6663126.693
2021-04-01,7688988.0,1025727.0,9.575,6663251.425
2021-04-05,7688988.0,1025727.0,3.45,6663257.55
2021-04-06,7688988.0,1025727.0,18.951,6663242.049
2021-04-07,7708882.0,1010103.0,35.035,6698743.965
2021-04-08,7708882.0,1010103.0,27.64,6698751.36
2021-04-09,7708882.0,1010103.0,31.265,6698747.735
2021-04-12,7708882.0,1010103.0,30.221,6698748.779
2021-04-13,7708882.0,1010103.0,37.543,6698741.457
2021-04-14,7793104.0,925094.0,50.856,6867959.144
2021-04-15,7793104.0,925094.0,28.626,6867981.374
2021-04-16,7793104.0,925094.0,39.94,6867970.0600000005
2021-04-19,7793104.0,925094.0,53.798,6867956.202
2021-04-20,7793104.0,925094.0,67.747,6867942.2530000005
2021-04-21,7820948.0,1015902.0,81.329,6804964.671
2021-04-22,7820948.0,1015902.0,102.644,6804943.356
2021-04-23,7820948.0,1015902.0,73.794,6804972.206
2021-04-26,7820948.0,1015902.0,100.916,6804945.084
2021-04-27,7820948.0,1015902.0,142.172,6804903.828
2021-04-28,7780962.0,967689.0,166.732,6813106.268
2021-04-29,7780962.0,967689.0,173.469,6813099.5309999995
2021-04-30,7780962.0,967689.0,183.234,6813089.766
2021-05-03,7780962.0,967689.0,129.724,6813143.276
2021-05-04,7780962.0,967689.0,147.806,6813125.194
2021-05-05,7810486.0,953689.0,162.8,6856634.2
2021-05-06,7810486.0,953689.0,154.921,6856642.079
2021-05-07,7810486.0,953689.0,161.856,6856635.144
2021-05-10,7810486.0,953689.0,175.548,6856621.452
2021-05-11,7810486.0,953689.0,181.753,6856615.2469999995
2021-05-12,7830663.0,898779.0,209.257,6931674.743
2021-05-13,7830663.0,898779.0,235.217,6931648.783
2021-05-14,7830663.0,898779.0,241.185,6931642.8149999995
2021-05-17,7830663.0,898779.0,208.96,6931675.04
2021-05-18,7830663.0,898779.0,243.47,6931640.53
2021-05-19,7922883.0,866119.0,293.998,7056470.002
2021-05-20,7922883.0,866119.0,351.121,7056412.879
2021-05-21,7922883.0,866119.0,369.046,7056394.954
2021-05-24,7922883.0,866119.0,394.941,7056369.059
2021-05-25,7922883.0,866119.0,432.955,7056331.045
2021-05-26,7903541.0,812473.0,450.283,7090617.717
2021-05-27,7903541.0,812473.0,485.329,7090582.671
2021-05-28,7903541.0,812473.0,479.498,7090588.502
2021-06-01,7903541.0,812473.0,447.985,7090620.015
2021-06-02,7935703.0,783235.0,438.778,7152029.222
2021-06-03,7935703.0,783235.0,479.102,7151988.898
2021-06-04,7935703.0,783235.0,483.349,7151984.651
2021-06-07,7935703.0,783235.0,486.097,7151981.903
2021-06-08,7935703.0,783235.0,497.428,7151970.572
2021-06-09,7952327.0,730235.0,502.904,7221589.096
2021-06-10,7952327.0,730235.0,534.943,7221557.057
2021-06-11,7952327.0,730235.0,547.808,7221544.192
2021-06-14,7952327.0,730235.0,583.892,7221508.108
2021-06-15,7952327.0,730235.0,509.559,7221582.441
2021-06-16,8064257.0,653889.0,520.942,7409847.058
2021-06-17,8064257.0,653889.0,755.8,7409612.2
2021-06-18,8064257.0,653889.0,747.121,7409620.879
2021-06-21,8064257.0,653889.0,765.141,7409602.859
2021-06-22,8064257.0,653889.0,791.605,7409576.395
2021-06-23,8101945.0,734689.0,813.65,7366442.35
2021-06-24,8101945.0,734689.0,813.048,7366442.952
2021-06-25,8101945.0,734689.0,770.83,7366485.17
2021-06-28,8101945.0,734689.0,803.019,7366452.981
2021-06-29,8101945.0,734689.0,841.246,7366414.754
2021-06-30,8078544.0,745962.0,991.939,7331590.061
2021-07-01,8078544.0,745962.0,742.647,7331839.353
2021-07-02,8078544.0,745962.0,731.504,7331850.496
2021-07-06,8078544.0,745962.0,772.581,7331809.419
2021-07-07,8097773.0,753364.0,785.72,7343623.28
2021-07-08,8097773.0,753364.0,793.399,7343615.601
2021-07-09,8097773.0,753364.0,780.596,7343628.404
2021-07-12,8097773.0,753364.0,776.472,7343632.528
2021-07-13,8097773.0,753364.0,798.267,7343610.733
2021-07-14,8201651.0,704918.0,859.975,7495873.025
2021-07-15,8201651.0,704918.0,776.261,7495956.739
2021-07-16,8201651.0,704918.0,817.566,7495915.434
2021-07-19,8201651.0,704918.0,860.468,7495872.532
2021-07-20,8201651.0,704918.0,848.102,7495884.898
2021-07-21,8240530.0,678103.0,886.206,7561540.794
2021-07-22,8240530.0,678103.0,898.197,7561528.803
2021-07-23,8240530.0,678103.0,877.251,7561549.749
2021-07-26,8240530.0,678103.0,891.203,7561535.797
2021-07-27,8240530.0,678103.0,927.419,7561499.581
2021-07-28,8221473.0,578204.0,965.189,7642303.811
2021-07-29,8221473.0,578204.0,987.283,7642281.717
2021-07-30,8221473.0,578204.0,1039.394,7642229.606
2021-08-02,8221473.0,578204.0,921.317,7642347.683
2021-08-03,8221473.0,578204.0,909.442,7642359.558
2021-08-04,8235073.0,492668.0,931.755,7741473.245
2021-08-05,8235073.0,492668.0,944.335,7741460.665
2021-08-06,8235073.0,492668.0,952.134,7741452.866
2021-08-09,8235073.0,492668.0,981.765,7741423.235
2021-08-10,8235073.0,492668.0,998.654,7741406.346
2021-08-11,8257159.0,434919.0,1000.46,7821239.54
2021-08-12,8257159.0,434919.0,1087.342,7821152.658
2021-08-13,8257159.0,434919.0,1050.941,7821189.059
2021-08-16,8257159.0,434919.0,1036.418,7821203.582
2021-08-17,8257159.0,434919.0,1053.454,7821186.546
2021-08-18,8342598.0,338808.0,1115.656,8002674.344
2021-08-19,8342598.0,338808.0,1109.938,8002680.062
2021-08-20,8342598.0,338808.0,1111.905,8002678.095
2021-08-23,8342598.0,338808.0,1135.697,8002654.303
2021-08-24,8342598.0,338808.0,1129.737,8002660.263
2021-08-25,8332743.0,301430.0,1147.089,8030165.911
2021-08-26,8332743.0,301430.0,1091.792,8030221.208
2021-08-27,8332743.0,301430.0,1120.015,8030192.985
2021-08-30,8332743.0,301430.0,1140.711,8030172.289
2021-08-31,8332743.0,301430.0,1189.616,8030123.384
2021-09-01,8349173.0,277650.0,1084.115,8070438.885
2021-09-02,8349173.0,277650.0,1066.987,8070456.013
2021-09-03,8349173.0,277650.0,1074.707,8070448.293
2021-09-07,8349173.0,277650.0,1079.945,8070443.055
2021-09-08,8357314.0,253496.0,1115.229,8102702.771
2021-09-09,8357314.0,253496.0,1107.659,8102710.341
2021-09-10,8357314.0,253496.0,1099.323,8102718.677
2021-09-13,8357314.0,253496.0,1087.108,8102730.892
2021-09-14,8357314.0,253496.0,1169.28,8102648.72
2021-09-15,8448770.0,230328.0,1081.342,8217360.658
2021-09-16,8448770.0,230328.0,1147.494,8217294.506
2021-09-17,8448770.0,230328.0,1218.303,8217223.697
2021-09-20,8448770.0,230328.0,1224.289,8217217.711
2021-09-21,8448770.0,230328.0,1240.494,8217201.506
2021-09-22,8489824.0,308022.0,1283.281,8180518.719
2021-09-23,8489824.0,308022.0,1352.483,8180449.517
2021-09-24,8489824.0,308022.0,1313.657,8180488.343
2021-09-27,8489824.0,308022.0,1297.05,8180504.95
2021-09-28,8489824.0,308022.0,1365.185,8180436.815
2021-09-29,8447981.0,197744.0,1415.84,8248821.16
2021-09-30,8447981.0,197744.0,1604.881,8248632.119
2021-10-01,8447981.0,197744.0,1385.991,8248851.009
2021-10-04,8447981.0,197744.0,1399.173,8248837.827
2021-10-05,8447981.0,197744.0,1431.18,8248805.82
2021-10-06,8464032.0,135582.0,1451.175,8326998.825
2021-10-07,8464032.0,135582.0,1375.863,8327074.137
2021-10-08,8464032.0,135582.0,1371.958,8327078.042
2021-10-12,8464032.0,135582.0,1367.051,8327082.949
2021-10-13,8480942.0,77858.0,1364.701,8401719.299
2021-10-14,8480942.0,77858.0,1445.66,8401638.34
2021-10-15,8480942.0,77858.0,1462.297,8401621.703
2021-10-18,8480942.0,77858.0,1477.114,8401606.886
2021-10-19,8480942.0,77858.0,1470.739,8401613.261
2021-10-20,8564943.0,83386.0,1493.961,8480063.039
2021-10-21,8564943.0,83386.0,1458.605,8480098.395
2021-10-22,8564943.0,83386.0,1403.02,8480153.98
2021-10-25,8564943.0,83386.0,1413.188,8480143.812
2021-10-26,8564943.0,83386.0,1423.198,8480133.802
2021-10-27,8556181.0,213291.0,1433.37,8341456.63
2021-10-28,8556181.0,213291.0,1384.684,8341505.316
2021-10-29,8556181.0,213291.0,1502.296,8341387.704
2021-11-01,8556181.0,213291.0,1358.606,8341531.394
2021-11-02,8556181.0,213291.0,1329.913,8341560.087
2021-11-03,8574871.0,280205.0,1343.985,8293322.015
2021-11-04,8574871.0,280205.0,1348.539,8293317.461
2021-11-05,8574871.0,280205.0,1354.059,8293311.941
2021-11-08,8574871.0,280205.0,1354.382,8293311.618
2021-11-09,8574871.0,280205.0,1377.197,8293288.803
2021-11-10,8663117.0,259293.0,1448.623,8402375.377
2021-11-12,8663117.0,259293.0,1417.643,8402406.357
2021-11-15,8663117.0,259293.0,1391.657,8402432.343
2021-11-16,8663117.0,259293.0,1466.857,8402357.143
2021-11-17,8674970.0,211453.0,1520.0,8461997.0
2021-11-18,8674970.0,211453.0,1584.097,8461932.903
2021-11-19,8674970.0,211453.0,1575.384,8461941.616
2021-11-22,8674970.0,211453.0,1573.769,8461943.231
2021-11-23,8674970.0,211453.0,1571.98,8461945.02
2021-11-24,8681771.0,164087.0,1452.897,8516231.103
2021-11-26,8681771.0,164087.0,1451.108,8516232.892
2021-11-29,8681771.0,164087.0,1459.339,8516224.661
2021-11-30,8681771.0,164087.0,1517.956,8516166.044
2021-12-01,8650402.0,152651.0,1427.347,8496323.653
2021-12-02,8650402.0,152651.0,1448.585,8496302.415
2021-12-03,8650402.0,152651.0,1475.464,8496275.536
2021-12-06,8650402.0,152651.0,1487.996,8496263.004
2021-12-07,8650402.0,152651.0,1455.038,8496295.962
2021-12-08,8664524.0,115117.0,1484.192,8547922.808
2021-12-09,8664524.0,115117.0,1500.027,8547906.973
2021-12-10,8664524.0,115117.0,1507.147,8547899.853
2021-12-13,8664524.0,115117.0,1599.768,8547807.232
2021-12-14,8664524.0,115117.0,1584.488,8547822.512
2021-12-15,8756666.0,104798.0,1621.097,8650246.903
2021-12-16,8756666.0,104798.0,1657.626,8650210.374
2021-12-17,8756666.0,104798.0,1704.586,8650163.414
2021-12-20,8756666.0,104798.0,1758.041,8650109.959
2021-12-21,8756666.0,104798.0,1748.285,8650119.715
2021-12-22,8790495.0,84954.0,1699.277,8703841.723
2021-12-23,8790495.0,84954.0,1577.78,8703963.22
2021-12-27,8790495.0,84954.0,1580.347,8703960.653
2021-12-28,8790495.0,84954.0,1637.064,8703903.936
2021-12-29,8757460.0,211849.0,1642.506,8543968.494
2021-12-30,8757460.0,211849.0,1696.476,8543914.524
2021-12-31,8757460.0,211849.0,1904.582,8543706.418
2022-01-03,8757460.0,211849.0,1579.526,8544031.474
2022-01-04,8757460.0,211849.0,1495.692,8544115.308
2022-01-05,8765721.0,389751.0,1492.787,8374477.2129999995
2022-01-06,8765721.0,389751.0,1510.553,8374459.447
2022-01-07,8765721.0,389751.0,1530.096,8374439.904
2022-01-10,8765721.0,389751.0,1560.421,8374409.579
2022-01-11,8765721.0,389751.0,1527.02,8374442.98
2022-01-12,8788278.0,456401.0,1536.981,8330340.019
2022-01-13,8788278.0,456401.0,1636.742,8330240.258
2022-01-14,8788278.0,456401.0,1598.887,8330278.113
2022-01-18,8788278.0,456401.0,1597.137,8330279.863
2022-01-19,8867834.0,488697.0,1656.576,8377480.424
2022-01-20,8867834.0,488697.0,1678.931,8377458.069
2022-01-21,8867834.0,488697.0,1706.127,8377430.873
2022-01-24,8867834.0,488697.0,1614.002,8377522.998
2022-01-25,8867834.0,488697.0,1599.502,8377537.498
2022-01-26,8860485.0,614877.0,1613.046,8243994.954
2022-01-27,8860485.0,614877.0,1583.895,8244024.105
2022-01-28,8860485.0,614877.0,1615.021,8243992.979
2022-01-31,8860485.0,614877.0,1654.85,8243953.15
2022-02-01,8860485.0,614877.0,1584.109,8244023.891
2022-02-02,8873211.0,675773.0,1626.895,8195811.105
2022-02-03,8873211.0,675773.0,1640.397,8195797.603
2022-02-04,8873211.0,675773.0,1642.892,8195795.108
2022-02-07,8873211.0,675773.0,1679.932,8195758.068
2022-02-08,8873211.0,675773.0,1674.61,8195763.39
2022-02-09,8878009.0,686384.0,1653.153,8189971.847
2022-02-10,8878009.0,686384.0,1634.146,8189990.854
2022-02-11,8878009.0,686384.0,1635.826,8189989.174
2022-02-14,8878009.0,686384.0,1666.232,8189958.768
2022-02-15,8878009.0,686384.0,1608.494,8190016.506
2022-02-16,8911033.0,692541.0,1644.134,8216847.866
2022-02-17,8911033.0,692541.0,1647.202,8216844.798
2022-02-18,8911033.0,692541.0,1674.929,8216817.071
2022-02-22,8911033.0,692541.0,1699.432,8216792.568
2022-02-23,8928129.0,697838.0,1738.322,8228552.678
2022-02-24,8928129.0,697838.0,1650.399,8228640.601
2022-02-25,8928129.0,697838.0,1603.349,8228687.651
2022-02-28,8928129.0,697838.0,1596.052,8228694.948
2022-03-01,8928129.0,697838.0,1552.95,8228738.05
2022-03-02,8904455.0,682903.0,1526.211,8220025.789
2022-03-03,8904455.0,682903.0,1533.992,8220018.008
2022-03-04,8904455.0,682903.0,1483.061,8220068.939
2022-03-07,8904455.0,682903.0,1461.227,8220090.773
2022-03-08,8904455.0,682903.0,1525.099,8220026.901
2022-03-09,8910748.0,652039.0,1542.504,8257166.496
2022-03-10,8910748.0,652039.0,1568.735,8257140.265
2022-03-11,8910748.0,652039.0,1557.823,8257151.177
2022-03-14,8910748.0,652039.0,1608.021,8257100.979
2022-03-15,8910748.0,652039.0,1583.471,8257125.529
2022-03-16,8954306.0,570606.0,1613.637,8382086.363
2022-03-17,8954306.0,570606.0,1659.977,8382040.023
2022-03-18,8954306.0,570606.0,1715.148,8381984.852
2022-03-21,8954306.0,570606.0,1728.893,8381971.107
2022-03-22,8954306.0,570606.0,1763.183,8381936.817
2022-03-23,8962474.0,614616.0,1803.186,8346054.814
2022-03-24,8962474.0,614616.0,1707.655,8346150.345
2022-03-25,8962474.0,614616.0,1676.974,8346181.026
2022-03-28,8962474.0,614616.0,1688.632,8346169.368
2022-03-29,8962474.0,614616.0,1718.87,8346139.13
2022-03-30,8937142.0,575065.0,1785.939,8360291.061
2022-03-31,8937142.0,575065.0,1871.97,8360205.03
2022-04-01,8937142.0,575065.0,1666.063,8360410.937
2022-04-04,8937142.0,575065.0,1692.936,8360384.064
2022-04-05,8937142.0,575065.0,1710.834,8360366.166
2022-04-06,8937592.0,574451.0,1731.472,8361409.528
2022-04-07,8937592.0,574451.0,1734.424,8361406.576
2022-04-08,8937592.0,574451.0,1750.498,8361390.502
2022-04-11,8937592.0,574451.0,1758.958,8361382.042
2022-04-12,8937592.0,574451.0,1710.414,8361430.586
2022-04-13,8965487.0,547308.0,1815.555,8416363.445
2022-04-14,8965487.0,547308.0,1706.935,8416472.065
2022-04-18,8965487.0,547308.0,1738.379,8416440.621
2022-04-19,8965487.0,547308.0,1817.292,8416361.708
2022-04-20,8955851.0,711406.0,1866.56,8242578.4399999995
2022-04-21,8955851.0,711406.0,1854.7,8242590.3
2022-04-22,8955851.0,711406.0,1765.031,8242679.9690000005
2022-04-25,8955851.0,711406.0,1783.609,8242661.391
2022-04-26,8955851.0,711406.0,1819.343,8242625.657
2022-04-27,8939199.0,944328.0,1803.162,7993067.8379999995
2022-04-28,8939199.0,944328.0,1818.416,7993052.584
2022-04-29,8939199.0,944328.0,1906.802,7992964.198
2022-05-02,8939199.0,944328.0,1796.302,7993074.698
2022-05-03,8939199.0,944328.0,1796.252,7993074.748
2022-05-04,8939972.0,945478.0,1815.656,7992678.3440000005
2022-05-05,8939972.0,945478.0,1844.762,7992649.238
2022-05-06,8939972.0,945478.0,1861.866,7992632.134
2022-05-09,8939972.0,945478.0,1858.995,7992635.005
2022-05-10,8939972.0,945478.0,1864.225,7992629.775
2022-05-11,8942008.0,945658.0,1876.119,7994473.881
2022-05-12,8942008.0,945658.0,1900.069,7994449.931
2022-05-13,8942008.0,945658.0,1865.287,7994484.7129999995
2022-05-16,8942008.0,945658.0,1833.152,7994516.848
2022-05-17,8942008.0,945658.0,1877.483,7994472.517
2022-05-18,8945898.0,886964.0,1973.373,8056960.627
2022-05-19,8945898.0,886964.0,1981.005,8056952.995
2022-05-20,8945898.0,886964.0,1987.987,8056946.013
2022-05-23,8945898.0,886964.0,2044.658,8056889.342
2022-05-24,8945898.0,886964.0,1987.865,8056946.135
2022-05-25,8914281.0,821535.0,1995.75,8090750.25
2022-05-26,8914281.0,821535.0,2007.702,8090738.298
2022-05-27,8914281.0,821535.0,2006.688,8090739.312
2022-05-31,8914281.0,821535.0,1978.538,8090767.462
2022-06-01,8915050.0,789532.0,1965.015,8123552.985
2022-06-02,8915050.0,789532.0,1985.239,8123532.761
2022-06-03,8915050.0,789532.0,2031.228,8123486.772
2022-06-06,8915050.0,789532.0,2040.093,8123477.907
2022-06-07,8915050.0,789532.0,2091.395,8123426.605
2022-06-08,8918254.0,723384.0,2140.277,8192729.723
2022-06-09,8918254.0,723384.0,2142.318,8192727.682
2022-06-10,8918254.0,723384.0,2162.885,8192707.115
2022-06-13,8918254.0,723384.0,2212.62,8192657.38
2022-06-14,8918254.0,723384.0,2223.857,8192646.143
2022-06-15,8932420.0,656870.0,2162.924,8273387.076
2022-06-16,8932420.0,656870.0,2178.382,8273371.618
2022-06-17,8932420.0,656870.0,2229.279,8273320.721
2022-06-21,8932420.0,656870.0,2188.627,8273361.373
2022-06-22,8934346.0,758283.0,2259.458,8173803.542
2022-06-23,8934346.0,758283.0,2285.442,8173777.558
2022-06-24,8934346.0,758283.0,2180.984,8173882.016
2022-06-27,8934346.0,758283.0,2155.942,8173907.058
2022-06-28,8934346.0,758283.0,2213.784,8173849.216
2022-06-29,8913553.0,756627.0,2226.976,8154699.024
2022-06-30,8913553.0,756627.0,2329.743,8154596.257
2022-07-01,8913553.0,756627.0,2167.085,8154758.915
2022-07-05,8913553.0,756627.0,2138.28,8154787.72
2022-07-06,8891851.0,700457.0,2168.026,8189225.974
2022-07-07,8891851.0,700457.0,2172.457,8189221.543
2022-07-08,8891851.0,700457.0,2144.921,8189249.079
2022-07-11,8891851.0,700457.0,2164.266,8189229.734
2022-07-12,8891851.0,700457.0,2146.132,8189247.868
2022-07-13,8895867.0,652572.0,2155.29,8241139.71
2022-07-14,8895867.0,652572.0,2207.121,8241087.879
2022-07-15,8895867.0,652572.0,2153.75,8241141.25
2022-07-18,8895867.0,652572.0,2190.375,8241104.625
2022-07-19,8895867.0,652572.0,2211.821,8241083.179
2022-07-20,8899213.0,613878.0,2240.204,8283094.796
2022-07-21,8899213.0,613878.0,2271.756,8283063.244
2022-07-22,8899213.0,613878.0,2228.959,8283106.041
2022-07-25,8899213.0,613878.0,2192.367,8283142.633
2022-07-26,8899213.0,613878.0,2189.474,8283145.526
2022-07-27,8890004.0,602945.0,2188.994,8284870.006
2022-07-28,8890004.0,602945.0,2239.883,8284819.117
2022-07-29,8890004.0,602945.0,2300.2,8284758.8
2022-08-01,8890004.0,602945.0,2161.885,8284897.115
2022-08-02,8890004.0,602945.0,2156.013,8284902.987
2022-08-03,8874620.0,594115.0,2182.238,8278322.762
2022-08-04,8874620.0,594115.0,2191.546,8278313.454
2022-08-05,8874620.0,594115.0,2194.927,8278310.073
2022-08-08,8874620.0,594115.0,2195.692,8278309.308
2022-08-09,8874620.0,594115.0,2186.568,8278318.432
2022-08-10,8879138.0,557265.0,2177.646,8319695.354
2022-08-11,8879138.0,557265.0,2199.247,8319673.7530000005
2022-08-12,8879138.0,557265.0,2213.193,8319659.807
2022-08-15,8879138.0,557265.0,2175.857,8319697.143
2022-08-16,8879138.0,557265.0,2165.332,8319707.668
2022-08-17,8849762.0,545321.0,2199.631,8302241.369
2022-08-18,8849762.0,545321.0,2218.161,8302222.839
2022-08-19,8849762.0,545321.0,2221.68,8302219.32
2022-08-22,8849762.0,545321.0,2235.665,8302205.335
2022-08-23,8849762.0,545321.0,2250.718,8302190.282
2022-08-24,8851436.0,535267.0,2237.072,8313931.928
2022-08-25,8851436.0,535267.0,2187.907,8313981.093
2022-08-26,8851436.0,535267.0,2182.452,8313986.548
2022-08-29,8851436.0,535267.0,2205.188,8313963.812
2022-08-30,8851436.0,535267.0,2188.975,8313980.025
2022-08-31,8826093.0,612536.0,2251.025,8211305.975
2022-09-01,8826093.0,612536.0,2173.156,8211383.8440000005
2022-09-02,8826093.0,612536.0,2173.413,8211383.587
2022-09-06,8826093.0,612536.0,2188.796,8211368.204
2022-09-07,8822401.0,581295.0,2206.987,8238899.013
2022-09-08,8822401.0,581295.0,2210.466,8238895.534
2022-09-09,8822401.0,581295.0,2209.714,8238896.286
2022-09-12,8822401.0,581295.0,2218.546,8238887.454
2022-09-13,8822401.0,581295.0,2202.719,8238903.2809999995
2022-09-14,8832759.0,593808.0,2225.579,8236725.421
2022-09-15,8832759.0,593808.0,2176.188,8236774.812
2022-09-16,8832759.0,593808.0,2186.833,8236764.167
2022-09-19,8832759.0,593808.0,2217.542,8236733.458
2022-09-20,8832759.0,593808.0,2238.87,8236712.13
2022-09-21,8816802.0,692496.0,2315.9,8121990.1
2022-09-22,8816802.0,692496.0,2359.227,8121946.773
2022-09-23,8816802.0,692496.0,2319.361,8121986.639
2022-09-26,8816802.0,692496.0,2299.011,8122006.989
2022-09-27,8816802.0,692496.0,2327.111,8121978.889
2022-09-28,8795567.0,689569.0,2366.798,8103631.202
2022-09-29,8795567.0,689569.0,2371.763,8103626.237
2022-09-30,8795567.0,689569.0,2425.91,8103572.09
2022-10-03,8795567.0,689569.0,2252.523,8103745.477
2022-10-04,8795567.0,689569.0,2233.616,8103764.384
2022-10-05,8759053.0,633939.0,2230.799,8122883.201
2022-10-06,8759053.0,633939.0,2232.801,8122881.199
2022-10-07,8759053.0,633939.0,2226.95,8122887.05
2022-10-11,8759053.0,633939.0,2222.479,8122891.521
2022-10-12,8758969.0,608302.0,2247.206,8148419.794
2022-10-13,8758969.0,608302.0,2244.1,8148422.9
2022-10-14,8758969.0,608302.0,2222.052,8148444.948
2022-10-17,8758969.0,608302.0,2172.301,8148494.699
2022-10-18,8758969.0,608302.0,2226.725,8148440.275
2022-10-19,8743922.0,607199.0,2241.835,8134481.165
2022-10-20,8743922.0,607199.0,2234.071,8134488.929
2022-10-21,8743922.0,607199.0,2265.809,8134457.191
2022-10-24,8743922.0,607199.0,2242.044,8134480.956
2022-10-25,8743922.0,607199.0,2195.616,8134527.384
2022-10-26,8723090.0,634548.0,2186.856,8086355.144
2022-10-27,8723090.0,634548.0,2152.485,8086389.515
2022-10-28,8723090.0,634548.0,2183.29,8086358.71
2022-10-31,8723090.0,634548.0,2275.459,8086266.541
2022-11-01,8723090.0,634548.0,2200.51,8086341.49
2022-11-02,8676870.0,598544.0,2229.861,8076096.139
2022-11-03,8676870.0,598544.0,2219.791,8076106.209
2022-11-04,8676870.0,598544.0,2230.84,8076095.16
2022-11-07,8676870.0,598544.0,2241.317,8076084.683
2022-11-08,8676870.0,598544.0,2232.555,8076093.445
2022-11-09,8678886.0,527479.0,2237.812,8149169.188
2022-11-10,8678886.0,527479.0,2200.586,8149206.414
2022-11-14,8678886.0,527479.0,2165.018,8149241.982
2022-11-15,8678886.0,527479.0,2086.574,8149320.426
2022-11-16,8625620.0,502982.0,2099.07,8120538.93
2022-11-17,8625620.0,502982.0,2114.439,8120523.561
2022-11-18,8625620.0,502982.0,2113.413,8120524.587
2022-11-21,8625620.0,502982.0,2125.426,8120512.574
2022-11-22,8625620.0,502982.0,2103.932,8120534.068
2022-11-23,8621390.0,479474.0,2069.174,8139846.826
2022-11-25,8621390.0,479474.0,2031.066,8139884.934
2022-11-28,8621390.0,479474.0,2054.914,8139861.086
2022-11-29,8621390.0,479474.0,2064.377,8139851.623
2022-11-30,8584576.0,511474.0,2115.913,8070986.087
2022-12-01,8584576.0,511474.0,2050.286,8071051.714
2022-12-02,8584576.0,511474.0,2049.763,8071052.237
2022-12-05,8584576.0,511474.0,2093.647,8071008.353
2022-12-06,8584576.0,511474.0,2111.465,8070990.535
2022-12-07,8582735.0,432335.0,2151.549,8148248.451
2022-12-08,8582735.0,432335.0,2175.973,8148224.027
2022-12-09,8582735.0,432335.0,2146.748,8148253.252
2022-12-12,8582735.0,432335.0,2158.517,8148241.483
2022-12-13,8582735.0,432335.0,2180.676,8148219.324
2022-12-14,8583413.0,355517.0,2192.864,8225703.136
2022-12-15,8583413.0,355517.0,2123.995,8225772.005
2022-12-16,8583413.0,355517.0,2126.54,8225769.46
2022-12-19,8583413.0,355517.0,2134.765,8225761.235
2022-12-20,8583413.0,355517.0,2159.408,8225736.592
2022-12-21,8564411.0,459780.0,2206.965,8102424.035
2022-12-22,8564411.0,459780.0,2222.898,8102408.102
2022-12-23,8564411.0,459780.0,2216.348,8102414.652
2022-12-27,8564411.0,459780.0,2221.259,8102409.741
2022-12-28,8551169.0,427926.0,2293.003,8120949.9969999995
2022-12-29,8551169.0,427926.0,2308.319,8120934.681
2022-12-30,8551169.0,427926.0,2553.716,8120689.284
2023-01-03,8551169.0,427926.0,2188.272,8121054.728
2023-01-04,8507429.0,423625.0,2229.542,8081574.458
2023-01-05,8507429.0,423625.0,2242.486,8081561.514
2023-01-06,8507429.0,423625.0,2208.265,8081595.735
2023-01-09,8507429.0,423625.0,2199.121,8081604.879
2023-01-10,8507429.0,423625.0,2192.942,8081611.058
2023-01-11,8508587.0,372340.0,2199.17,8134047.83
2023-01-12,8508587.0,372340.0,2202.989,8134044.011
2023-01-13,8508587.0,372340.0,2179.781,8134067.219
2023-01-17,8508587.0,372340.0,2093.328,8134153.672
2023-01-18,8489039.0,339018.0,2131.678,8147889.322
2023-01-19,8489039.0,339018.0,2110.145,8147910.855
2023-01-20,8489039.0,339018.0,2090.523,8147930.477
2023-01-23,8489039.0,339018.0,2135.499,8147885.501
2023-01-24,8489039.0,339018.0,2048.386,8147972.614
2023-01-25,8470557.0,491848.0,2031.561,7976677.439
2023-01-26,8470557.0,491848.0,2024.069,7976684.931
2023-01-27,8470557.0,491848.0,2003.634,7976705.366
2023-01-30,8470557.0,491848.0,2048.714,7976660.286
2023-01-31,8470557.0,491848.0,2061.572,7976647.428
2023-02-01,8433610.0,560089.0,2038.262,7871482.738
2023-02-02,8433610.0,560089.0,2050.063,7871470.937
2023-02-03,8433610.0,560089.0,2041.217,7871479.783
2023-02-06,8433610.0,560089.0,2072.261,7871448.739
2023-02-07,8433610.0,560089.0,2057.958,7871463.042
2023-02-08,8435369.0,493277.0,2059.604,7940032.396
2023-02-09,8435369.0,493277.0,2058.942,7940033.058
2023-02-10,8435369.0,493277.0,2042.893,7940049.107
2023-02-13,8435369.0,493277.0,2107.775,7939984.225
2023-02-14,8435369.0,493277.0,2076.548,7940015.452
2023-02-15,8384767.0,490379.0,2011.998,7892376.002
2023-02-16,8384767.0,490379.0,2032.457,7892355.543
2023-02-17,8384767.0,490379.0,2059.662,7892328.3379999995
2023-02-21,8384767.0,490379.0,2046.064,7892341.936
2023-02-22,8382190.0,477333.0,2113.849,7902743.151
2023-02-23,8382190.0,477333.0,2147.417,7902709.583
2023-02-24,8382190.0,477333.0,2142.141,7902714.859
2023-02-27,8382190.0,477333.0,2162.435,7902694.565
2023-02-28,8382190.0,477333.0,2188.035,7902668.965
2023-03-01,8339684.0,381245.0,2133.95,7956305.05
2023-03-02,8339684.0,381245.0,2192.355,7956246.645
2023-03-03,8339684.0,381245.0,2186.15,7956252.85
2023-03-06,8339684.0,381245.0,2190.793,7956248.207
2023-03-07,8339684.0,381245.0,2170.195,7956268.805
2023-03-08,8342283.0,333350.0,2193.237,8006739.763
2023-03-09,8342283.0,333350.0,2229.623,8006703.377
2023-03-10,8342283.0,333350.0,2188.375,8006744.625
2023-03-13,8342283.0,333350.0,2126.677,8006806.323
2023-03-14,8342283.0,333350.0,2042.579,8006890.421
2023-03-15,8639300.0,232866.0,2055.823,8404378.177
2023-03-16,8639300.0,232866.0,2066.319,8404367.681
2023-03-17,8639300.0,232866.0,2106.166,8404327.834
2023-03-20,8639300.0,232866.0,2098.393,8404335.607
2023-03-21,8639300.0,232866.0,2194.631,8404239.369
2023-03-22,8733787.0,259587.0,2279.608,8471920.392
2023-03-23,8733787.0,259587.0,2233.956,8471966.044
2023-03-24,8733787.0,259587.0,2218.458,8471981.542
2023-03-27,8733787.0,259587.0,2220.131,8471979.869
2023-03-28,8733787.0,259587.0,2231.749,8471968.251
2023-03-29,8705942.0,183577.0,2264.862,8520100.138
2023-03-30,8705942.0,183577.0,2271.531,8520093.469
2023-03-31,8705942.0,183577.0,2375.171,8519989.829
2023-04-03,8705942.0,183577.0,2221.01,8520143.99
2023-04-04,8705942.0,183577.0,2219.375,8520145.625
2023-04-05,8632384.0,168793.0,2243.011,8461347.989
2023-04-06,8632384.0,168793.0,2173.663,8461417.337
2023-04-10,8632384.0,168793.0,2239.655,8461351.345
2023-04-11,8632384.0,168793.0,2297.208,8461293.792
2023-04-12,8614797.0,109208.0,2303.862,8503285.138
2023-04-13,8614797.0,109208.0,2321.699,8503267.301
2023-04-14,8614797.0,109208.0,2253.786,8503335.214
2023-04-17,8614797.0,109208.0,2256.845,8503332.155
2023-04-18,8614797.0,109208.0,2238.994,8503350.006
2023-04-19,8593263.0,166555.0,2294.677,8424413.323
2023-04-20,8593263.0,166555.0,2277.259,8424430.741
2023-04-21,8593263.0,166555.0,2290.023,8424417.977
2023-04-24,8593263.0,166555.0,2308.538,8424399.462
2023-04-25,8593263.0,166555.0,2275.402,8424432.598
2023-04-26,8562768.0,291702.0,2279.561,8268786.439
2023-04-27,8562768.0,291702.0,2273.926,8268792.074
2023-04-28,8562768.0,291702.0,2325.479,8268740.521
2023-05-01,8562768.0,291702.0,2239.866,8268826.134
2023-05-02,8562768.0,291702.0,2267.13,8268798.87
2023-05-03,8503994.0,269216.0,2258.222,8232519.778
2023-05-04,8503994.0,269216.0,2242.399,8232535.601
2023-05-05,8503994.0,269216.0,2207.415,8232570.585
2023-05-08,8503994.0,269216.0,2217.601,8232560.399
2023-05-09,8503994.0,269216.0,2222.864,8232555.136
2023-05-10,8503017.0,197666.0,2233.149,8303117.851
2023-05-11,8503017.0,197666.0,2242.243,8303108.757
2023-05-12,8503017.0,197666.0,2229.199,8303121.801
2023-05-15,8503017.0,197666.0,2220.927,8303130.073
2023-05-16,8503017.0,197666.0,2203.214,8303147.786
2023-05-17,8456760.0,116220.0,2213.676,8338326.324
2023-05-18,8456760.0,116220.0,2238.266,8338301.734
2023-05-19,8456760.0,116220.0,2276.72,8338263.28
2023-05-22,8456760.0,116220.0,2275.311,8338264.689
2023-05-23,8456760.0,116220.0,2256.689,8338283.311
2023-05-24,8436255.0,61952.0,2250.709,8372052.291
2023-05-25,8436255.0,61952.0,2197.638,8372105.362
2023-05-26,8436255.0,61952.0,2189.681,8372113.319
2023-05-30,8436255.0,61952.0,2200.479,8372102.521
2023-05-31,8385854.0,48954.0,2254.859,8334645.141
2023-06-01,8385854.0,48954.0,2160.055,8334739.945
2023-06-02,8385854.0,48954.0,2142.102,8334757.898
2023-06-05,8385854.0,48954.0,2131.417,8334768.583
2023-06-06,8385854.0,48954.0,2134.638,8334765.362
2023-06-07,8389325.0,44756.0,2161.556,8342407.444
2023-06-08,8389325.0,44756.0,2141.798,8342427.202
2023-06-09,8389325.0,44756.0,2127.652,8342441.348
2023-06-12,8389325.0,44756.0,2126.87,8342442.13
2023-06-13,8389325.0,44756.0,2074.52,8342494.48
2023-06-14,8388323.0,102118.0,2109.105,8284095.895
2023-06-15,8388323.0,102118.0,1992.14,8284212.86
2023-06-16,8388323.0,102118.0,2011.556,8284193.444
2023-06-20,8388323.0,102118.0,1989.489,8284215.511
2023-06-21,8362060.0,276850.0,2037.102,8083172.898
2023-06-22,8362060.0,276850.0,1994.711,8083215.289
2023-06-23,8362060.0,276850.0,1969.38,8083240.62
2023-06-26,8362060.0,276850.0,1961.027,8083248.973
2023-06-27,8362060.0,276850.0,1951.098,8083258.902
2023-06-28,8340914.0,390571.0,1945.211,7948397.789
2023-06-29,8340914.0,390571.0,1934.684,7948408.316
2023-06-30,8340914.0,390571.0,2034.319,7948308.681
2023-07-03,8340914.0,390571.0,1909.639,7948433.361
2023-07-05,8298312.0,415441.0,1867.061,7881003.939
2023-07-06,8298312.0,415441.0,1854.256,7881016.744
2023-07-07,8298312.0,415441.0,1822.303,7881048.697
2023-07-10,8298312.0,415441.0,1811.981,7881059.019
2023-07-11,8298312.0,415441.0,1775.796,7881095.204
2023-07-12,8296923.0,514337.0,1820.146,7780765.854
2023-07-13,8296923.0,514337.0,1767.432,7780818.568
2023-07-14,8296923.0,514337.0,1740.777,7780845.223
2023-07-17,8296923.0,514337.0,1728.322,7780857.678
2023-07-18,8296923.0,514337.0,1716.862,7780869.138
2023-07-19,8274552.0,531135.0,1732.804,7741684.196
2023-07-20,8274552.0,531135.0,1721.001,7741695.999
2023-07-21,8274552.0,531135.0,1770.752,7741646.248
2023-07-24,8274552.0,531135.0,1770.867,7741646.133
2023-07-25,8274552.0,531135.0,1720.716,7741696.284
2023-07-26,8243344.0,543597.0,1749.733,7697997.267
2023-07-27,8243344.0,543597.0,1735.783,7698011.217
2023-07-28,8243344.0,543597.0,1730.227,7698016.773
2023-07-31,8243344.0,543597.0,1821.124,7697925.876
2023-08-01,8243344.0,543597.0,1739.554,7698007.446
2023-08-02,8206764.0,517459.0,1770.186,7687534.814
2023-08-03,8206764.0,517459.0,1776.774,7687528.226
2023-08-04,8206764.0,517459.0,1793.804,7687511.196
2023-08-07,8206764.0,517459.0,1810.583,7687494.417
2023-08-08,8206764.0,517459.0,1778.351,7687526.649
2023-08-09,8208241.0,444594.0,1796.519,7761850.481
2023-08-10,8208241.0,444594.0,1759.897,7761887.103
2023-08-11,8208241.0,444594.0,1773.236,7761873.764
2023-08-14,8208241.0,444594.0,1799.311,7761847.689
2023-08-15,8208241.0,444594.0,1743.784,7761903.216
2023-08-16,8145727.0,435795.0,1796.725,7708135.275
2023-08-17,8145727.0,435795.0,1794.12,7708137.88
2023-08-18,8145727.0,435795.0,1819.201,7708112.799
2023-08-21,8145727.0,435795.0,1824.788,7708107.212
2023-08-22,8145727.0,435795.0,1812.294,7708119.706
2023-08-23,8139066.0,413787.0,1816.533,7723462.467
2023-08-24,8139066.0,413787.0,1731.623,7723547.377
2023-08-25,8139066.0,413787.0,1687.379,7723591.621
2023-08-28,8139066.0,413787.0,1708.605,7723570.395
2023-08-29,8139066.0,413787.0,1693.278,7723585.722
2023-08-30,8121316.0,470800.0,1696.819,7648819.181
2023-08-31,8121316.0,470800.0,1651.602,7648864.398
2023-09-01,8121316.0,470800.0,1574.065,7648941.935
2023-09-05,8121316.0,470800.0,1568.49,7648947.51
2023-09-06,8101318.0,470881.0,1606.244,7628830.756
2023-09-07,8101318.0,470881.0,1535.289,7628901.711
2023-09-08,8101318.0,470881.0,1525.403,7628911.597
2023-09-11,8101318.0,470881.0,1549.111,7628887.889
2023-09-12,8101318.0,470881.0,1493.781,7628943.219
2023-09-13,8098779.0,521507.0,1546.225,7575725.775
2023-09-14,8098779.0,521507.0,1492.427,7575779.573
2023-09-15,8098779.0,521507.0,1401.403,7575870.597
2023-09-18,8098779.0,521507.0,1452.942,7575819.058
2023-09-19,8098779.0,521507.0,1453.324,7575818.676
2023-09-20,8024090.0,640296.0,1486.984,7382307.016
2023-09-21,8024090.0,640296.0,1454.115,7382339.885
2023-09-22,8024090.0,640296.0,1427.575,7382366.425
2023-09-25,8024090.0,640296.0,1437.31,7382356.6899999995
2023-09-26,8024090.0,640296.0,1438.301,7382355.699
2023-09-27,8002064.0,681143.0,1442.805,7319478.195
2023-09-28,8002064.0,681143.0,1453.366,7319467.634
2023-09-29,8002064.0,681143.0,1557.569,7319363.431
2023-10-02,8002064.0,681143.0,1365.739,7319555.261
2023-10-03,8002064.0,681143.0,1348.465,7319572.535
2023-10-04,7955782.0,668009.0,1342.031,7286430.9690000005
2023-10-05,7955782.0,668009.0,1265.132,7286507.868
2023-10-06,7955782.0,668009.0,1283.461,7286489.539
2023-10-10,7955782.0,668009.0,1222.44,7286550.5600000005
2023-10-11,7952054.0,709160.0,1239.382,7241654.618
2023-10-12,7952054.0,709160.0,1157.319,7241736.681
2023-10-13,7952054.0,709160.0,1151.818,7241742.182
2023-10-16,7952054.0,709160.0,1108.819,7241785.181
2023-10-17,7952054.0,709160.0,1082.502,7241811.498
2023-10-18,7933162.0,759878.0,1150.781,7172133.2190000005
2023-10-19,7933162.0,759878.0,1114.179,7172169.821
2023-10-20,7933162.0,759878.0,1138.756,7172145.244
2023-10-23,7933162.0,759878.0,1157.976,7172126.024
2023-10-24,7933162.0,759878.0,1097.875,7172186.125
2023-10-25,7907830.0,834418.0,1100.617,7072311.383
2023-10-26,7907830.0,834418.0,1089.85,7072322.15
2023-10-27,7907830.0,834418.0,1091.858,7072320.142
2023-10-30,7907830.0,834418.0,1138.035,7072273.965
2023-10-31,7907830.0,834418.0,1137.697,7072274.303
2023-11-01,7866664.0,820487.0,1079.462,7045097.538
2023-11-02,7866664.0,820487.0,1054.986,7045122.014
2023-11-03,7866664.0,820487.0,1071.139,7045105.861
2023-11-06,7866664.0,820487.0,1062.878,7045114.1219999995
2023-11-07,7866664.0,820487.0,1008.685,7045168.3149999995
2023-11-08,7860691.0,772686.0,1024.451,7086980.549
2023-11-09,7860691.0,772686.0,993.314,7087011.686
2023-11-10,7860691.0,772686.0,1032.72,7086972.28
2023-11-13,7860691.0,772686.0,1020.272,7086984.728
2023-11-14,7860691.0,772686.0,988.298,7087016.702
2023-11-15,7814991.0,738562.0,944.241,7075484.759
2023-11-16,7814991.0,738562.0,912.01,7075516.99
2023-11-17,7814991.0,738562.0,935.803,7075493.197
2023-11-20,7814991.0,738562.0,953.088,7075475.9120000005
2023-11-21,7814991.0,738562.0,931.155,7075497.845
2023-11-22,7810814.0,706017.0,931.604,7103865.396
2023-11-24,7810814.0,706017.0,865.907,7103931.093
2023-11-27,7810814.0,706017.0,867.22,7103929.78
2023-11-28,7810814.0,706017.0,873.344,7103923.6559999995
2023-11-29,7796145.0,739209.0,914.187,7056021.813
2023-11-30,7796145.0,739209.0,887.822,7056048.178
2023-12-01,7796145.0,739209.0,768.543,7056167.457
2023-12-04,7796145.0,739209.0,815.847,7056120.153
2023-12-05,7796145.0,739209.0,834.428,7056101.572
2023-12-06,7737385.0,682509.0,846.498,7054029.502
2023-12-07,7737385.0,682509.0,825.734,7054050.266
2023-12-08,7737385.0,682509.0,821.408,7054054.592
2023-12-11,7737385.0,682509.0,838.507,7054037.493
2023-12-12,7737385.0,682509.0,837.803,7054038.197
2023-12-13,7739566.0,658440.0,823.329,7080302.671
2023-12-14,7739566.0,658440.0,769.346,7080356.654
2023-12-15,7739566.0,658440.0,683.254,7080442.746
2023-12-18,7739566.0,658440.0,724.704,7080401.296
2023-12-19,7739566.0,658440.0,773.082,7080352.918
2023-12-20,7724063.0,732196.0,779.143,6991087.857
2023-12-21,7724063.0,732196.0,778.402,6991088.598
2023-12-22,7724063.0,732196.0,772.258,6991094.742
2023-12-26,7724063.0,732196.0,793.937,6991073.063
2023-12-27,7712781.0,731405.0,818.869,6980557.131
2023-12-28,7712781.0,731405.0,829.573,6980546.427
2023-12-29,7712781.0,731405.0,1018.483,6980357.517
2024-01-02,7712781.0,731405.0,704.864,6980671.136
2024-01-03,7681024.0,758448.0,719.897,6921856.103
2024-01-04,7681024.0,758448.0,664.899,6921911.101
2024-01-05,7681024.0,758448.0,694.478,6921881.522
2024-01-08,7681024.0,758448.0,691.485,6921884.515
2024-01-09,7681024.0,758448.0,676.05,6921899.95
2024-01-10,7686710.0,747565.0,679.961,6938465.039
2024-01-11,7686710.0,747565.0,626.37,6938518.63
2024-01-12,7686710.0,747565.0,603.116,6938541.884
2024-01-16,7686710.0,747565.0,583.103,6938561.897
2024-01-17,7673741.0,748883.0,590.191,6924267.809
2024-01-18,7673741.0,748883.0,618.234,6924239.766
2024-01-19,7673741.0,748883.0,625.182,6924232.818
2024-01-22,7673741.0,748883.0,647.103,6924210.897
2024-01-23,7673741.0,748883.0,621.195,6924236.805
2024-01-24,7677230.0,799358.0,639.56,6877232.4399999995
2024-01-25,7677230.0,799358.0,557.687,6877314.313
2024-01-26,7677230.0,799358.0,570.828,6877301.172
2024-01-29,7677230.0,799358.0,581.41,6877290.59
2024-01-30,7677230.0,799358.0,577.755,6877294.245
2024-01-31,7630124.0,841550.0,615.379,6787958.621
2024-02-01,7630124.0,841550.0,503.548,6788070.452
2024-02-02,7630124.0,841550.0,513.422,6788060.578
2024-02-05,7630124.0,841550.0,552.289,6788021.711
2024-02-06,7630124.0,841550.0,532.439,6788041.561
2024-02-07,7631300.0,802135.0,553.055,6828611.945
2024-02-08,7631300.0,802135.0,535.705,6828629.295
2024-02-09,7631300.0,802135.0,569.175,6828595.825
2024-02-12,7631300.0,802135.0,581.568,6828583.432
2024-02-13,7631300.0,802135.0,553.684,6828611.316
2024-02-14,7633874.0,838005.0,575.332,6795293.668
2024-02-15,7633874.0,838005.0,493.065,6795375.9350000005
2024-02-16,7633874.0,838005.0,532.125,6795336.875
2024-02-20,7633874.0,838005.0,530.879,6795338.121
2024-02-21,7581683.0,785465.0,574.882,6795643.118
2024-02-22,7581683.0,785465.0,553.245,6795664.755
2024-02-23,7581683.0,785465.0,520.107,6795697.893
2024-02-26,7581683.0,785465.0,524.959,6795693.041
2024-02-27,7581683.0,785465.0,519.725,6795698.275
2024-02-28,7567807.0,785821.0,569.855,6781416.145
2024-02-29,7567807.0,785821.0,502.074,6781483.926
2024-03-01,7567807.0,785821.0,441.265,6781544.735
2024-03-04,7567807.0,785821.0,439.793,6781546.207
2024-03-05,7567807.0,785821.0,444.474,6781541.526
2024-03-06,7538857.0,767733.0,456.847,6770667.153
2024-03-07,7538857.0,767733.0,436.754,6770687.246
2024-03-08,7538857.0,767733.0,444.803,6770679.197
2024-03-11,7538857.0,767733.0,478.728,6770645.272
2024-03-12,7538857.0,767733.0,476.862,6770647.138
2024-03-13,7541969.0,768369.0,521.738,6773078.262
2024-03-14,7541969.0,768369.0,483.573,6773116.427
2024-03-15,7541969.0,768369.0,413.877,6773186.123
2024-03-18,7541969.0,768369.0,440.596,6773159.404
2024-03-19,7541969.0,768369.0,446.978,6773153.022
2024-03-20,7514348.0,809298.0,496.245,6704553.755
2024-03-21,7514348.0,809298.0,460.631,6704589.369
2024-03-22,7514348.0,809298.0,478.531,6704571.4690000005
2024-03-25,7514348.0,809298.0,473.787,6704576.2129999995
2024-03-26,7514348.0,809298.0,496.062,6704553.938
2024-03-27,7484739.0,802233.0,518.357,6681987.643
2024-03-28,7484739.0,802233.0,594.428,6681911.572
2024-04-01,7484739.0,802233.0,441.903,6682064.097
2024-04-02,7484739.0,802233.0,448.424,6682057.576
2024-04-03,7439558.0,768651.0,436.631,6670470.369
2024-04-04,7439558.0,768651.0,438.764,6670468.236
2024-04-05,7439558.0,768651.0,438.319,6670468.681
2024-04-08,7439558.0,768651.0,448.597,6670458.403
2024-04-09,7439558.0,768651.0,441.792,6670465.208
2024-04-10,7438176.0,704971.0,445.816,6732759.184
2024-04-11,7438176.0,704971.0,455.361,6732749.639
2024-04-12,7438176.0,704971.0,407.322,6732797.678
2024-04-15,7438176.0,704971.0,327.066,6732877.934
2024-04-16,7438176.0,704971.0,371.554,6732833.446
2024-04-17,7405506.0,796535.0,440.508,6608530.492
2024-04-18,7405506.0,796535.0,433.006,6608537.994
2024-04-19,7405506.0,796535.0,397.234,6608573.766
2024-04-22,7405506.0,796535.0,409.816,6608561.184
2024-04-23,7405506.0,796535.0,435.88,6608535.12
2024-04-24,7402434.0,941430.0,441.215,6460562.785
2024-04-25,7402434.0,941430.0,443.928,6460560.072
2024-04-26,7402434.0,941430.0,464.912,6460539.0879999995
2024-04-29,7402434.0,941430.0,505.53,6460498.47
2024-04-30,7402434.0,941430.0,534.234,6460469.766
2024-05-01,7362474.0,917177.0,438.148,6444858.852
2024-05-02,7362474.0,917177.0,428.68,6444868.32
2024-05-03,7362474.0,917177.0,450.165,6444846.835
2024-05-06,7362474.0,917177.0,468.97,6444828.03
2024-05-07,7362474.0,917177.0,475.325,6444821.675
2024-05-08,7353408.0,851591.0,493.427,6501323.573
2024-05-09,7353408.0,851591.0,458.55,6501358.45
2024-05-10,7353408.0,851591.0,486.434,6501330.566
2024-05-13,7353408.0,851591.0,492.068,6501324.932
2024-05-14,7353408.0,851591.0,468.344,6501348.6559999995
2024-05-15,7304272.0,787133.0,443.779,6516695.221
2024-05-16,7304272.0,787133.0,410.121,6516728.879
2024-05-17,7304272.0,787133.0,449.373,6516689.627
2024-05-20,7304272.0,787133.0,489.728,6516649.272
2024-05-21,7304272.0,787133.0,491.72,6516647.28
2024-05-22,7299566.0,725376.0,496.382,6573693.618
2024-05-23,7299566.0,725376.0,467.398,6573722.602
2024-05-24,7299566.0,725376.0,431.239,6573758.761
2024-05-28,7299566.0,725376.0,417.836,6573772.164
2024-05-29,7284319.0,704335.0,459.314,6579524.686
2024-05-30,7284319.0,704335.0,452.034,6579531.966
2024-05-31,7284319.0,704335.0,439.806,6579544.194
2024-06-03,7284319.0,704335.0,387.069,6579596.931
2024-06-04,7284319.0,704335.0,377.825,6579606.175
2024-06-05,7255687.0,710309.0,371.841,6545006.159
2024-06-06,7255687.0,710309.0,378.125,6544999.875
2024-06-07,7255687.0,710309.0,395.462,6544982.538
2024-06-10,7255687.0,710309.0,416.481,6544961.519
2024-06-11,7255687.0,710309.0,410.449,6544967.551
2024-06-12,7258974.0,673573.0,447.574,6584953.426
2024-06-13,7258974.0,673573.0,429.864,6584971.136
2024-06-14,7258974.0,673573.0,386.885,6585014.115
2024-06-17,7258974.0,673573.0,333.429,6585067.571
2024-06-18,7258974.0,673573.0,375.542,6585025.458
2024-06-19,7252542.0,723410.0,375.542,6528756.458
2024-06-20,7252542.0,723410.0,388.841,6528743.159
2024-06-21,7252542.0,723410.0,421.04,6528710.96
2024-06-24,7252542.0,723410.0,435.916,6528696.084
2024-06-25,7252542.0,723410.0,466.31,6528665.6899999995
2024-06-26,7231163.0,765417.0,490.156,6465255.8440000005
2024-06-27,7231163.0,765417.0,531.692,6465214.308
2024-06-28,7231163.0,765417.0,664.57,6465081.43
2024-07-01,7231163.0,765417.0,451.783,6465294.217
2024-07-02,7231163.0,765417.0,443.369,6465302.631
2024-07-03,7221520.0,761373.0,425.898,6459721.102
2024-07-05,7221520.0,761373.0,390.632,6459756.368
2024-07-08,7221520.0,761373.0,415.257,6459731.743
2024-07-09,7221520.0,761373.0,423.152,6459723.848
2024-07-10,7224079.0,736402.0,422.147,6487254.853
2024-07-11,7224079.0,736402.0,403.708,6487273.292
2024-07-12,7224079.0,736402.0,406.59,6487270.41
2024-07-15,7224079.0,736402.0,413.28,6487263.72
2024-07-16,7224079.0,736402.0,409.594,6487267.4059999995
2024-07-17,7208247.0,751593.0,399.401,6456254.599
2024-07-18,7208247.0,751593.0,391.652,6456262.348
2024-07-19,7208247.0,751593.0,379.801,6456274.199
2024-07-22,7208247.0,751593.0,395.901,6456258.099
2024-07-23,7208247.0,751593.0,389.837,6456264.163
2024-07-24,7205455.0,774315.0,399.121,6430740.879
2024-07-25,7205455.0,774315.0,377.433,6430762.567
2024-07-26,7205455.0,774315.0,381.257,6430758.743
2024-07-29,7205455.0,774315.0,385.281,6430754.7190000005
2024-07-30,7205455.0,774315.0,367.054,6430772.946
2024-07-31,7178391.0,786486.0,413.2,6391491.8
2024-08-01,7178391.0,786486.0,348.885,6391556.115
2024-08-02,7178391.0,786486.0,338.473,6391566.527
2024-08-05,7178391.0,786486.0,316.246,6391588.754
2024-08-06,7178391.0,786486.0,291.958,6391613.042
2024-08-07,7175256.0,770931.0,286.66,6404038.34
2024-08-08,7175256.0,770931.0,303.159,6404021.841
2024-08-09,7175256.0,770931.0,312.198,6404012.802
2024-08-12,7175256.0,770931.0,328.641,6403996.359
2024-08-13,7175256.0,770931.0,324.494,6404000.506
2024-08-14,7177688.0,794120.0,328.472,6383239.528
2024-08-15,7177688.0,794120.0,307.141,6383260.859
2024-08-16,7177688.0,794120.0,330.317,6383237.683
2024-08-19,7177688.0,794120.0,333.583,6383234.417
2024-08-20,7177688.0,794120.0,310.819,6383257.181
2024-08-21,7139952.0,736494.0,321.329,6403136.671
2024-08-22,7139952.0,736494.0,316.777,6403141.223
2024-08-23,7139952.0,736494.0,312.896,6403145.104
2024-08-26,7139952.0,736494.0,353.557,6403104.443
2024-08-27,7139952.0,736494.0,344.045,6403113.955
2024-08-28,7123238.0,745851.0,388.89,6376998.11
2024-08-29,7123238.0,745851.0,383.434,6377003.566
2024-08-30,7123238.0,745851.0,433.13,6376953.87
2024-09-03,7123238.0,745851.0,349.808,6377037.192
2024-09-04,7112567.0,733959.0,337.312,6378270.688
2024-09-05,7112567.0,733959.0,291.091,6378316.909
2024-09-06,7112567.0,733959.0,299.271,6378308.729
2024-09-09,7112567.0,733959.0,292.158,6378315.842
2024-09-10,7112567.0,733959.0,281.392,6378326.608
2024-09-11,7115001.0,755958.0,279.215,6358763.785
2024-09-12,7115001.0,755958.0,294.464,6358748.536
2024-09-13,7115001.0,755958.0,284.951,6358758.049
2024-09-16,7115001.0,755958.0,239.386,6358803.614
2024-09-17,7115001.0,755958.0,256.337,6358786.663
2024-09-18,7109137.0,771194.0,305.831,6337637.169
2024-09-19,7109137.0,771194.0,311.777,6337631.223
2024-09-20,7109137.0,771194.0,339.316,6337603.684
2024-09-23,7109137.0,771194.0,380.372,6337562.6280000005
2024-09-24,7109137.0,771194.0,388.977,6337554.023
2024-09-25,7080059.0,806771.0,416.193,6272871.807
2024-09-26,7080059.0,806771.0,424.916,6272863.084
2024-09-27,7080059.0,806771.0,436.518,6272851.482
2024-09-30,7080059.0,806771.0,465.638,6272822.362
2024-10-01,7080059.0,806771.0,375.221,6272912.779
2024-10-02,7046925.0,798277.0,383.398,6248264.602
2024-10-03,7046925.0,798277.0,341.248,6248306.752
2024-10-04,7046925.0,798277.0,330.012,6248317.988
2024-10-07,7046925.0,798277.0,322.948,6248325.052
2024-10-08,7046925.0,798277.0,325.355,6248322.645
2024-10-09,7046840.0,802115.0,343.448,6244381.552
2024-10-10,7046840.0,802115.0,322.587,6244402.413
2024-10-11,7046840.0,802115.0,331.735,6244393.265
2024-10-15,7046840.0,802115.0,286.398,6244438.602
2024-10-16,7039284.0,791792.0,272.028,6247219.972
2024-10-17,7039284.0,791792.0,262.21,6247229.79
2024-10-18,7039284.0,791792.0,259.892,6247232.108
2024-10-21,7039284.0,791792.0,261.044,6247230.956
2024-10-22,7039284.0,791792.0,237.76,6247254.24
2024-10-23,7029408.0,829991.0,270.839,6199146.161
2024-10-24,7029408.0,829991.0,202.798,6199214.202
2024-10-25,7029408.0,829991.0,227.0,6199190.0
2024-10-28,7029408.0,829991.0,251.032,6199165.968
2024-10-29,7029408.0,829991.0,244.841,6199172.159
2024-10-30,7013490.0,835237.0,228.946,6178024.054
2024-10-31,7013490.0,835237.0,201.278,6178051.722
2024-11-01,7013490.0,835237.0,155.476,6178097.524
2024-11-04,7013490.0,835237.0,171.885,6178081.115
2024-11-05,7013490.0,835237.0,144.243,6178108.757
2024-11-06,6994299.0,842051.0,177.871,6152070.129
2024-11-07,6994299.0,842051.0,159.002,6152088.998
2024-11-08,6994299.0,842051.0,163.621,6152084.379
2024-11-12,6994299.0,842051.0,178.814,6152069.186
2024-11-13,6967108.0,832186.0,238.106,6134683.894
2024-11-14,6967108.0,832186.0,214.509,6134707.491
2024-11-15,6967108.0,832186.0,172.4,6134749.6
2024-11-18,6967108.0,832186.0,200.03,6134721.97
2024-11-19,6967108.0,832186.0,200.664,6134721.336
2024-11-20,6923731.0,751873.0,217.793,6171640.207
2024-11-21,6923731.0,751873.0,188.567,6171669.433
2024-11-22,6923731.0,751873.0,204.254,6171653.746
2024-11-25,6923731.0,751873.0,186.749,6171671.251
2024-11-26,6923731.0,751873.0,148.823,6171709.177
2024-11-27,6905140.0,775250.0,169.815,6129720.1850000005
2024-11-29,6905140.0,775250.0,197.627,6129692.373
2024-12-02,6905140.0,775250.0,135.858,6129754.142
2024-12-03,6905140.0,775250.0,161.572,6129728.428
2024-12-04,6895827.0,789516.0,162.866,6106148.134
2024-12-05,6895827.0,789516.0,131.964,6106179.036
2024-12-06,6895827.0,789516.0,130.014,6106180.986
2024-12-09,6895827.0,789516.0,153.029,6106157.971
2024-12-10,6895827.0,789516.0,174.842,6106136.158
2024-12-11,6897485.0,775067.0,180.12,6122237.88
2024-12-12,6897485.0,775067.0,165.025,6122252.975
2024-12-13,6897485.0,775067.0,135.777,6122282.223
2024-12-16,6897485.0,775067.0,110.753,6122307.2469999995
2024-12-17,6897485.0,775067.0,118.093,6122299.907
2024-12-18,6889332.0,767932.0,131.651,6121268.349
2024-12-19,6889332.0,767932.0,112.417,6121287.583
2024-12-20,6889332.0,767932.0,98.356,6121301.644
2024-12-23,6889332.0,767932.0,116.004,6121283.996
2024-12-24,6889332.0,767932.0,180.989,6121219.011
2024-12-25,6885963.0,764770.0,180.989,6121012.011
2024-12-26,6885963.0,764770.0,196.818,6120996.182
2024-12-27,6885963.0,764770.0,268.739,6120924.261
2024-12-30,6885963.0,764770.0,260.743,6120932.257
2024-12-31,6885963.0,764770.0,473.46,6120719.54
2025-01-01,6852491.0,719873.0,473.46,6132144.54
2025-01-02,6852491.0,719873.0,239.858,6132378.142
2025-01-03,6852491.0,719873.0,237.377,6132380.623
2025-01-06,6852491.0,719873.0,231.926,6132386.074
2025-01-07,6852491.0,719873.0,208.296,6132409.704
2025-01-08,6853554.0,652636.0,185.144,6200732.856
2025-01-09,6853554.0,652636.0,168.225,6200749.775
2025-01-10,6853554.0,652636.0,178.8,6200739.2
2025-01-13,6853554.0,652636.0,183.669,6200734.331
2025-01-14,6853554.0,652636.0,160.219,6200757.7809999995
2025-01-15,6834070.0,641225.0,119.977,6192725.023
2025-01-16,6834070.0,641225.0,94.489,6192750.511
2025-01-17,6834070.0,641225.0,118.327,6192726.673
2025-01-21,6834070.0,641225.0,96.015,6192748.985
2025-01-22,6831760.0,677282.0,123.981,6154354.019
2025-01-23,6831760.0,677282.0,132.031,6154345.9690000005
2025-01-24,6831760.0,677282.0,104.972,6154373.028
2025-01-27,6831760.0,677282.0,92.863,6154385.137
2025-01-28,6831760.0,677282.0,112.76,6154365.24
2025-01-29,6818186.0,784206.0,121.842,6033858.158
2025-01-30,6818186.0,784206.0,125.965,6033854.035
2025-01-31,6818186.0,784206.0,187.913,6033792.087
2025-02-03,6818186.0,784206.0,97.781,6033882.2190000005
2025-02-04,6818186.0,784206.0,85.654,6033894.346
2025-02-05,6810935.0,805593.0,78.788,6005263.212
2025-02-06,6810935.0,805593.0,79.983,6005262.017
2025-02-07,6810935.0,805593.0,95.248,6005246.752
2025-02-10,6810935.0,805593.0,99.653,6005242.347
2025-02-11,6810935.0,805593.0,76.446,6005265.554
2025-02-12,6813513.0,828102.0,67.67,5985343.33
2025-02-13,6813513.0,828102.0,67.82,5985343.18
2025-02-14,6813513.0,828102.0,58.77,5985352.23
2025-02-18,6813513.0,828102.0,77.817,5985333.183
2025-02-19,6782332.0,790062.0,73.196,5992196.804
2025-02-20,6782332.0,790062.0,63.207,5992206.793
2025-02-21,6782332.0,790062.0,68.983,5992201.017
2025-02-24,6782332.0,790062.0,76.818,5992193.182
2025-02-25,6782332.0,790062.0,96.0,5992174.0
2025-02-26,6766101.0,681161.0,126.058,6084813.942
2025-02-27,6766101.0,681161.0,182.148,6084757.852
2025-02-28,6766101.0,681161.0,234.422,6084705.578
2025-03-03,6766101.0,681161.0,119.987,6084820.013
2025-03-04,6766101.0,681161.0,135.257,6084804.743
2025-03-05,6756764.0,548331.0,139.493,6208293.507
2025-03-06,6756764.0,548331.0,129.269,6208303.731
2025-03-07,6756764.0,548331.0,136.305,6208296.695
2025-03-10,6756764.0,548331.0,129.054,6208303.946
2025-03-11,6756764.0,548331.0,137.31,6208295.6899999995
2025-03-12,6759571.0,512581.0,131.055,6246858.945
2025-03-13,6759571.0,512581.0,113.435,6246876.565
2025-03-14,6759571.0,512581.0,126.234,6246863.766
2025-03-17,6759571.0,512581.0,89.496,6246900.504
2025-03-18,6759571.0,512581.0,149.503,6246840.4969999995
2025-03-19,6755982.0,435936.0,193.378,6319852.6219999995
2025-03-20,6755982.0,435936.0,192.64,6319853.36
2025-03-21,6755982.0,435936.0,200.85,6319845.15
2025-03-24,6755982.0,435936.0,196.565,6319849.435
2025-03-25,6755982.0,435936.0,214.786,6319831.214
2025-03-26,6740253.0,360177.0,241.371,6379834.629
2025-03-27,6740253.0,360177.0,291.785,6379784.215
2025-03-28,6740253.0,360177.0,286.575,6379789.425
2025-03-31,6740253.0,360177.0,399.167,6379676.833
2025-04-01,6740253.0,360177.0,230.063,6379845.937
2025-04-02,6723452.0,313326.0,233.488,6409892.512
2025-04-03,6723452.0,313326.0,196.265,6409929.735
2025-04-04,6723452.0,313326.0,184.499,6409941.501
2025-04-07,6723452.0,313326.0,148.146,6409977.854
2025-04-08,6723452.0,313326.0,156.911,6409969.089
2025-04-09,6727416.0,306049.0,168.115,6421198.885
2025-04-10,6727416.0,306049.0,129.95,6421237.05
2025-04-11,6727416.0,306049.0,98.531,6421268.469
2025-04-14,6727416.0,306049.0,102.838,6421264.1620000005
2025-04-15,6727416.0,306049.0,88.878,6421278.1219999995
2025-04-16,6727113.0,422983.0,54.772,6304075.228
2025-04-17,6727113.0,422983.0,58.6,6304071.4
2025-04-21,6727113.0,422983.0,114.114,6304015.886
2025-04-22,6727113.0,422983.0,137.951,6303992.049
2025-04-23,6726930.0,606632.0,171.78,6120126.22
2025-04-24,6726930.0,606632.0,130.004,6120167.996
2025-04-25,6726930.0,606632.0,94.021,6120203.979
2025-04-28,6726930.0,606632.0,148.649,6120149.351
2025-04-29,6726930.0,606632.0,157.537,6120140.4629999995
2025-04-30,6709277.0,595741.0,250.601,6113285.399
2025-05-01,6709277.0,595741.0,157.353,6113378.647
2025-05-02,6709277.0,595741.0,147.882,6113388.118
2025-05-05,6709277.0,595741.0,124.69,6113411.3100000005
2025-05-06,6709277.0,595741.0,129.858,6113406.142
2025-05-07,6710889.0,583727.0,154.859,6127007.141
2025-05-08,6710889.0,583727.0,139.768,6127022.232
2025-05-09,6710889.0,583727.0,142.272,6127019.728
2025-05-12,6710889.0,583727.0,147.505,6127014.495
2025-05-13,6710889.0,583727.0,144.214,6127017.786
2025-05-14,6713270.0,575846.0,165.024,6137258.976
2025-05-15,6713270.0,575846.0,109.436,6137314.564
2025-05-16,6713270.0,575846.0,136.799,6137287.201
2025-05-19,6713270.0,575846.0,180.417,6137243.583
2025-05-20,6713270.0,575846.0,136.033,6137287.967
2025-05-21,6688726.0,503055.0,162.802,6185508.198
2025-05-22,6688726.0,503055.0,173.018,6185497.982
2025-05-23,6688726.0,503055.0,154.841,6185516.159
2025-05-27,6688726.0,503055.0,138.066,6185532.934
2025-05-28,6673244.0,467204.0,173.641,6205866.359
2025-05-29,6673244.0,467204.0,165.66,6205874.34
2025-05-30,6673244.0,467204.0,315.657,6205724.343
2025-06-02,6673244.0,467204.0,135.841,6205904.159
2025-06-03,6673244.0,467204.0,153.177,6205886.823
2025-06-04,6672885.0,378947.0,168.882,6293769.118
2025-06-05,6672885.0,378947.0,152.727,6293785.273
2025-06-06,6672885.0,378947.0,149.284,6293788.716
2025-06-09,6672885.0,378947.0,179.315,6293758.685
2025-06-10,6672885.0,378947.0,182.725,6293755.275
2025-06-11,6677155.0,332907.0,204.625,6344043.375
2025-06-12,6677155.0,332907.0,181.417,6344066.583
2025-06-13,6677155.0,332907.0,168.645,6344079.355
2025-06-16,6677155.0,332907.0,140.759,6344107.241
2025-06-17,6677155.0,332907.0,168.939,6344079.061
2025-06-18,6681056.0,337762.0,205.05,6343088.95
2025-06-20,6681056.0,337762.0,138.283,6343155.717
2025-06-23,6681056.0,337762.0,165.319,6343128.681
2025-06-24,6681056.0,337762.0,187.367,6343106.633
2025-06-25,6662200.0,364375.0,210.879,6297614.121
2025-06-26,6662200.0,364375.0,252.432,6297572.568
2025-06-27,6662200.0,364375.0,285.742,6297539.258
2025-06-30,6662200.0,364375.0,460.731,6297364.269
2025-07-01,6662200.0,364375.0,245.53,6297579.47
2025-07-02,6659598.0,359516.0,237.307,6299844.693
2025-07-03,6659598.0,359516.0,214.665,6299867.335
2025-07-07,6659598.0,359516.0,218.03,6299863.97
2025-07-08,6659598.0,359516.0,219.415,6299862.585
2025-07-09,6661912.0,319889.0,227.273,6341795.727
2025-07-10,6661912.0,319889.0,183.339,6341839.661
2025-07-11,6661912.0,319889.0,181.637,6341841.363
2025-07-14,6661912.0,319889.0,217.841,6341805.159
2025-07-15,6661912.0,319889.0,198.277,6341824.723
2025-07-16,6659273.0,296247.0,197.086,6362828.914
2025-07-17,6659273.0,296247.0,193.66,6362832.34
2025-07-18,6659273.0,296247.0,199.298,6362826.702
2025-07-21,6659273.0,296247.0,213.666,6362812.334
2025-07-22,6659273.0,296247.0,196.374,6362829.626
2025-07-23,6657715.0,323176.0,189.632,6334349.368
2025-07-24,6657715.0,323176.0,132.186,6334406.814
2025-07-25,6657715.0,323176.0,150.509,6334388.491
2025-07-28,6657715.0,323176.0,170.463,6334368.5370000005
2025-07-29,6657715.0,323176.0,171.018,6334367.982
2025-07-30,6642578.0,370507.0,155.481,6271915.519
2025-07-31,6642578.0,370507.0,214.445,6271856.555
2025-08-01,6642578.0,370507.0,97.426,6271973.574
2025-08-04,6642578.0,370507.0,125.73,6271945.27
2025-08-05,6642578.0,370507.0,84.356,6271986.644
2025-08-06,6640843.0,421043.0,91.966,6219708.034
2025-08-07,6640843.0,421043.0,77.961,6219722.039
2025-08-08,6640843.0,421043.0,80.303,6219719.697
2025-08-11,6640843.0,421043.0,82.214,6219717.786
2025-08-12,6640843.0,421043.0,57.492,6219742.508
2025-08-13,6643615.0,504304.0,57.202,6139253.798
2025-08-14,6643615.0,504304.0,28.818,6139282.182
2025-08-15,6643615.0,504304.0,33.757,6139277.243
2025-08-18,6643615.0,504304.0,38.24,6139272.76
2025-08-19,6643615.0,504304.0,22.344,6139288.656
2025-08-20,6618415.0,519534.0,34.999,6098846.001
2025-08-21,6618415.0,519534.0,25.358,6098855.642
2025-08-22,6618415.0,519534.0,36.275,6098844.725
2025-08-25,6618415.0,519534.0,47.567,6098833.433
2025-08-26,6618415.0,519534.0,28.574,6098852.426
2025-08-27,6603384.0,589998.0,34.744,6013351.256
2025-08-28,6603384.0,589998.0,31.966,6013354.034
2025-08-29,6603384.0,589998.0,77.898,6013308.102
2025-09-02,6603384.0,589998.0,21.066,6013364.934
2025-09-03,6602071.0,597513.0,17.923,6004540.077
2025-09-04,6602071.0,597513.0,20.128,6004537.8719999995
2025-09-05,6602071.0,597513.0,20.997,6004537.0030000005
2025-09-08,6602071.0,597513.0,19.416,6004538.584
2025-09-09,6602071.0,597513.0,22.915,6004535.085
2025-09-10,6605962.0,672274.0,29.4,5933658.6
2025-09-11,6605962.0,672274.0,26.897,5933661.103
2025-09-12,6605962.0,672274.0,17.331,5933670.669
2025-09-15,6605962.0,672274.0,16.954,5933671.046
2025-09-16,6605962.0,672274.0,18.817,5933669.183
2025-09-17,6608597.0,756376.0,13.963,5852207.0370000005
2025-09-18,6608597.0,756376.0,13.707,5852207.293
2025-09-19,6608597.0,756376.0,11.363,5852209.637
2025-09-22,6608597.0,756376.0,14.173,5852206.827
2025-09-23,6608597.0,756376.0,14.402,5852206.598
2025-09-24,6608395.0,804856.0,29.172,5803509.828
2025-09-25,6608395.0,804856.0,25.369,5803513.631
2025-09-26,6608395.0,804856.0,48.073,5803490.927
2025-09-29,6608395.0,804856.0,56.22,5803482.78
2025-09-30,6608395.0,804856.0,49.071,5803489.929
2025-10-01,6587119.0,805139.0,10.179,5781969.821
2025-10-02,6587119.0,805139.0,8.436,5781971.564
2025-10-03,6587119.0,805139.0,25.392,5781954.608
2025-10-06,6587119.0,805139.0,21.776,5781958.224
2025-10-07,6587119.0,805139.0,4.622,5781975.3780000005
2025-10-08,6590815.0,807428.0,5.231,5783381.769
2025-10-09,6590815.0,807428.0,4.496,5783382.504
2025-10-10,6590815.0,807428.0,4.124,5783382.876
2025-10-14,6590815.0,807428.0,3.516,5783383.484
2025-10-15,6596454.0,809593.0,5.484,5786855.516
2025-10-16,6596454.0,809593.0,6.96,5786854.04
2025-10-17,6596454.0,809593.0,4.102,5786856.898
2025-10-20,6596454.0,809593.0,5.931,5786855.069
2025-10-21,6596454.0,809593.0,4.699,5786856.301
2025-10-22,6589533.0,908001.0,4.005,5681527.995
2025-10-23,6589533.0,908001.0,6.941,5681525.059
2025-10-24,6589533.0,908001.0,2.435,5681529.5649999995
2025-10-27,6589533.0,908001.0,10.642,5681521.358
2025-10-28,6589533.0,908001.0,14.096,5681517.904
2025-10-29,6587034.0,957990.0,19.504,5629024.496
2025-10-30,6587034.0,957990.0,19.166,5629024.834
2025-10-31,6587034.0,957990.0,51.802,5628992.198
2025-11-03,6587034.0,957990.0,23.792,5629020.208
2025-11-04,6587034.0,957990.0,16.983,5629027.017
2025-11-05,6572732.0,940979.0,12.814,5631740.186
2025-11-06,6572732.0,940979.0,10.754,5631742.246
2025-11-07,6572732.0,940979.0,4.903,5631748.097
2025-11-10,6572732.0,940979.0,7.152,5631745.848
2025-11-12,6580462.0,953816.0,5.886,5626640.114
2025-11-13,6580462.0,953816.0,3.761,5626642.239
2025-11-14,6580462.0,953816.0,1.559,5626644.441
2025-11-17,6580462.0,953816.0,3.172,5626642.828
2025-11-18,6580462.0,953816.0,0.905,5626645.095
2025-11-19,6555283.0,941926.0,1.129,5613355.871
2025-11-20,6555283.0,941926.0,6.52,5613350.48
2025-11-21,6555283.0,941926.0,2.503,5613354.4969999995
2025-11-24,6555283.0,941926.0,1.077,5613355.923
2025-11-25,6555283.0,941926.0,2.314,5613354.686
2025-11-26,6552419.0,903394.0,2.217,5649022.783
2025-11-28,6552419.0,903394.0,7.561,5649017.439
2025-12-01,6552419.0,903394.0,3.24,5649021.76
2025-12-02,6552419.0,903394.0,5.62,5649019.38
2025-12-03,6535781.0,937167.0,2.514,5598611.486
2025-12-04,6535781.0,937167.0,2.233,5598611.767
2025-12-05,6535781.0,937167.0,1.485,5598612.515
2025-12-08,6535781.0,937167.0,1.703,5598612.297
2025-12-09,6535781.0,937167.0,3.211,5598610.789
2025-12-10,6539303.0,858946.0,5.045,5680351.955
2025-12-11,6539303.0,858946.0,2.874,5680354.126
2025-12-12,6539303.0,858946.0,0.838,5680356.1620000005
2025-12-15,6539303.0,858946.0,2.601,5680354.399
2025-12-16,6539303.0,858946.0,1.554,5680355.446
2025-12-17,6556861.0,833093.0,10.361,5723757.639
2025-12-18,6556861.0,833093.0,11.708,5723756.292
2025-12-19,6556861.0,833093.0,3.047,5723764.953
2025-12-22,6556861.0,833093.0,1.523,5723766.477
2025-12-23,6556861.0,833093.0,5.893,5723762.107
2025-12-24,6581231.0,837120.0,4.803,5744106.197
2025-12-26,6581231.0,837120.0,20.339,5744090.661
2025-12-29,6581231.0,837120.0,10.551,5744100.449
2025-12-30,6581231.0,837120.0,12.605,5744098.395
2025-12-31,6640618.0,837306.0,105.993,5803206.007
2026-01-02,6640618.0,837306.0,5.667,5803306.333
2026-01-05,6640618.0,837306.0,6.485,5803305.515
2026-01-06,6640618.0,837306.0,2.582,5803309.418
2026-01-07,6573602.0,796148.0,4.582,5777449.418
2026-01-08,6573602.0,796148.0,3.083,5777450.917
2026-01-09,6573602.0,796148.0,3.28,5777450.72
2026-01-12,6573602.0,796148.0,3.402,5777450.598
2026-01-13,6573602.0,796148.0,3.277,5777450.723
2026-01-14,6581700.0,779175.0,3.223,5802521.777
2026-01-15,6581700.0,779175.0,2.003,5802522.9969999995
2026-01-16,6581700.0,779175.0,1.222,5802523.778
2026-01-20,6581700.0,779175.0,3.506,5802521.494
2026-01-21,6584580.0,869261.0,3.344,5715315.6559999995
2026-01-22,6584580.0,869261.0,2.058,5715316.942
2026-01-23,6584580.0,869261.0,0.927,5715318.073
2026-01-26,6584580.0,869261.0,1.489,5715317.511
2026-01-27,6584580.0,869261.0,1.253,5715317.7469999995
2026-01-28,6587568.0,923042.0,1.103,5664524.897
2026-01-29,6587568.0,923042.0,2.852,5664523.148
2026-01-30,6587568.0,923042.0,9.629,5664516.371
2026-02-02,6587568.0,923042.0,10.415,5664515.585
2026-02-03,6587568.0,923042.0,1.785,5664524.215
2026-02-04,6605909.0,908773.0,2.414,5697133.586
2026-02-05,6605909.0,908773.0,1.748,5697134.252
2026-02-06,6605909.0,908773.0,3.111,5697132.889
2026-02-09,6605909.0,908773.0,1.306,5697134.694
2026-02-10,6605909.0,908773.0,1.447,5697134.553
2026-02-11,6622382.0,915306.0,1.048,5707074.952
2026-02-12,6622382.0,915306.0,2.844,5707073.1559999995
2026-02-13,6622382.0,915306.0,0.377,5707075.623
2026-02-17,6622382.0,915306.0,0.441,5707075.559
2026-02-18,6613395.0,912727.0,0.856,5700667.144
2026-02-19,6613395.0,912727.0,0.632,5700667.368
2026-02-20,6613395.0,912727.0,0.496,5700667.504
2026-02-23,6613395.0,912727.0,0.877,5700667.123
2026-02-24,6613395.0,912727.0,0.917,5700667.083
2026-02-25,6613797.0,887612.0,1.159,5726183.841
2026-02-26,6613797.0,887612.0,3.796,5726181.204
2026-02-27,6613797.0,887612.0,16.318,5726168.682
